MTS,OPEN,CLOSE,HIGH,LOW,VOLUME
2017-12-15 00:00:00,17059,17063,17063,17058,30.75557089
2017-12-15 00:01:00,17063,17073,17087,17062,18.91588386
2017-12-15 00:02:00,17072,17070,17078,17064,19.53540611
2017-12-15 00:03:00,17072,17082,17083,17064,24.56615822
2017-12-15 00:04:00,17079,17068,17079,17068,5.95600357
2017-12-15 00:05:00,17069,17040,17069,17039,22.8954654
2017-12-15 00:06:00,17040,17040,17040,17033,8.46314229
2017-12-15 00:07:00,17039,17038,17040,17031,7.29260333
2017-12-15 00:08:00,17039,17031,17039,17030,15.59210066
2017-12-15 00:09:00,17031,17031,17031,17030,39.47849973
2017-12-15 00:10:00,17031,17065,17070,17030,23.5819462
2017-12-15 00:11:00,17064,17070,17075,17031,25.66047656
2017-12-15 00:12:00,17073,17068,17093,17060,25.22963114
2017-12-15 00:13:00,17069,17070,17099,17060,80.64628817
2017-12-15 00:14:00,17070,17110,17113,17069,54.01794279
2017-12-15 00:15:00,17110,17107,17113,17080,21.46561475
2017-12-15 00:16:00,17090,17106,17110,17090,27.67771746
2017-12-15 00:17:00,17107,17106,17109,17106,12.04139353
2017-12-15 00:18:00,17107,17098,17107,17095,15.32027658
2017-12-15 00:19:00,17097,17100,17100,17080,22.67031193
2017-12-15 00:20:00,17101,17101,17102,17100,9.73968174
2017-12-15 00:21:00,17101,17064,17101,17062,32.90150717
2017-12-15 00:22:00,17064,17076,17077,17064,29.09756092
2017-12-15 00:23:00,17076,17107,17107,17073,36.00870716
2017-12-15 00:24:00,17091,17102,17109,17073,29.40289078
2017-12-15 00:25:00,17102,17125,17147,17102,41.22269364
2017-12-15 00:26:00,17124,17112,17149,17104,26.22959421
2017-12-15 00:27:00,17112,17103,17133,17102,15.10348899
2017-12-15 00:28:00,17102,17109,17138,17094,27.69967255
2017-12-15 00:29:00,17108,17105,17134,17105,24.67073677
2017-12-15 00:30:00,17106,17114,17145,17103,20.71617782
2017-12-15 00:31:00,17116,17136,17150,17105,21.74436861
2017-12-15 00:32:00,17143,17129,17150,17100,33.97209852
2017-12-15 00:33:00,17128,17134,17164,17125,53.38757539
2017-12-15 00:34:00,17134,17140,17169,17125,32.33347691
2017-12-15 00:35:00,17143,17128,17150,17125,43.30215016
2017-12-15 00:36:00,17125,17136,17140,17125,29.42324291
2017-12-15 00:37:00,17136,17129,17140,17120,16.3449483
2017-12-15 00:38:00,17129,17140,17150,17124,34.7331369
2017-12-15 00:39:00,17140,17142,17169,17102,40.77685654
2017-12-15 00:40:00,17143,17167,17171,17142,27.75321423
2017-12-15 00:41:00,17165,17176,17197,17165,31.39892213
2017-12-15 00:42:00,17176,17172,17198,17144,36.29287247
2017-12-15 00:43:00,17173,17181,17202,17172,42.45228208
2017-12-15 00:44:00,17180,17211,17240,17179,96.19691942
2017-12-15 00:45:00,17211,17225,17240,17211,49.75135278
2017-12-15 00:46:00,17224,17225,17240,17224,24.2414632
2017-12-15 00:47:00,17226,17227,17239,17225,53.86073214
2017-12-15 00:48:00,17232,17236,17249,17225,48.53931123
2017-12-15 00:49:00,17236,17246,17246,17235,64.16527442
2017-12-15 00:50:00,17239,17241,17244,17237,29.75883091
2017-12-15 00:51:00,17240,17241,17246,17238,50.85517994
2017-12-15 00:52:00,17241,17250,17266,17240,34.12001193
2017-12-15 00:53:00,17250,17289.49584689,17295,17250,51.71572341
2017-12-15 00:54:00,17289,17298,17299,17281,13.71723395
2017-12-15 00:55:00,17299,17316,17329,17299,52.34010651
2017-12-15 00:56:00,17320,17283,17320,17273,35.77909276
2017-12-15 00:57:00,17283,17277,17302,17265.90532179,31.19749381
2017-12-15 00:58:00,17279,17274,17288,17259,20.96163081
2017-12-15 00:59:00,17277,17281,17295,17276,8.05485025
2017-12-15 01:00:00,17281,17294,17300,17281,30.3586656
2017-12-15 01:01:00,17299,17326,17327.24068705,17290.67537314,51.80842624
2017-12-15 01:02:00,17320,17327.24068705,17327.24068705,17320,14.82959099
2017-12-15 01:03:00,17327.24068705,17349,17349,17325,22.48198908
2017-12-15 01:04:00,17348,17350,17359,17329,15.47483387
2017-12-15 01:05:00,17350,17377,17379,17331,60.003234
2017-12-15 01:06:00,17377.96031602,17392.11463108,17392.11463108,17355,20.44120777
2017-12-15 01:07:00,17388,17392.11463108,17392.11463108,17375,23.41797364
2017-12-15 01:08:00,17388,17399,17400,17376,33.73812186
2017-12-15 01:09:00,17399,17406,17423,17398,36.21744413
2017-12-15 01:10:00,17416,17408,17420,17400,25.31697589
2017-12-15 01:11:00,17409,17445,17461,17400,118.45009903
2017-12-15 01:12:00,17445,17442,17469,17431,38.24930107
2017-12-15 01:13:00,17443,17455,17469,17442,31.6042027
2017-12-15 01:14:00,17450,17500,17500,17450,95.10606811
2017-12-15 01:15:00,17498,17490,17500,17475,173.84672781
2017-12-15 01:16:00,17479,17512,17550,17475,169.67787597
2017-12-15 01:17:00,17524,17539,17562,17490,192.94597013
2017-12-15 01:18:00,17538,17493,17558,17486,32.75424949
2017-12-15 01:19:00,17490,17461,17493,17451,77.03496922
2017-12-15 01:20:00,17461,17461.96220445,17470,17430,96.91008781
2017-12-15 01:21:00,17461.96220445,17472,17495,17450,33.92228863
2017-12-15 01:22:00,17469,17472,17491,17453,33.20504316
2017-12-15 01:23:00,17481,17496,17508,17466,31.12452143
2017-12-15 01:24:00,17497,17470,17500,17452,33.7684645
2017-12-15 01:25:00,17468,17402,17472,17400,89.53901114
2017-12-15 01:26:00,17402,17430,17442,17400,36.54823982
2017-12-15 01:27:00,17430,17409,17441,17409,17.77750159
2017-12-15 01:28:00,17409,17395,17410,17389,31.79955417
2017-12-15 01:29:00,17395,17429,17449,17393,39.87057041
2017-12-15 01:30:00,17438,17421,17449,17408,32.19579183
2017-12-15 01:31:00,17421,17396,17425,17393,22.63764046
2017-12-15 01:32:00,17403,17423,17425,17384,26.05727556
2017-12-15 01:33:00,17424,17425,17450,17424,20.0978423
2017-12-15 01:34:00,17425,17447,17466,17421,21.25751022
2017-12-15 01:35:00,17448,17463,17482,17447,24.18192714
2017-12-15 01:36:00,17465,17477,17480.82343413,17453,13.33384466
2017-12-15 01:37:00,17467,17454,17477,17447,16.18503374
2017-12-15 01:38:00,17454,17460,17464,17430,17.30183099
2017-12-15 01:39:00,17457,17478,17480,17448,22.08547237
2017-12-15 01:40:00,17478,17465,17479,17462,6.14874141
2017-12-15 01:41:00,17464,17466,17467,17455,8.01090231
2017-12-15 01:42:00,17466,17458,17467,17440,13.86840369
2017-12-15 01:43:00,17458,17455,17460,17445,9.23612732
2017-12-15 01:44:00,17455,17443,17464,17440,13.31328843
2017-12-15 01:45:00,17443,17432,17446,17432,11.61065229
2017-12-15 01:46:00,17445,17438,17446,17410,21.6894369
2017-12-15 01:47:00,17438,17442,17444,17421,7.61393869
2017-12-15 01:48:00,17442,17458,17465,17430,22.35246651
2017-12-15 01:49:00,17458,17464,17465,17450,12.65628557
2017-12-15 01:50:00,17463,17467,17470,17461,37.81799317
2017-12-15 01:51:00,17467,17448,17473,17427.39763837,48.0322596
2017-12-15 01:52:00,17458,17482,17483,17451,59.15042786
2017-12-15 01:53:00,17483,17485,17486,17480,35.68349022
2017-12-15 01:54:00,17486,17507,17507,17480,53.48778896
2017-12-15 01:55:00,17510,17559.50379982,17560,17506,91.3642064
2017-12-15 01:56:00,17560,17590,17600,17553,168.46712355
2017-12-15 01:57:00,17591,17651,17800,17576,782.55427398
2017-12-15 01:58:00,17658,17714,17784,17652,230.11801195
2017-12-15 01:59:00,17714,17660,17739,17657,256.78683745
2017-12-15 02:00:00,17681,17675,17697,17643,59.89582803
2017-12-15 02:01:00,17675,17745.86784902,17757,17675,229.40488287
2017-12-15 02:02:00,17745,17770,17771,17744,91.70161165
2017-12-15 02:03:00,17771,17811,17811,17770,142.34605172
2017-12-15 02:04:00,17811,17817,17825,17806,120.45315852
2017-12-15 02:05:00,17818,17824,17825,17812,51.05024828
2017-12-15 02:06:00,17825,17841,17841,17823,96.6071239
2017-12-15 02:07:00,17841,17859,17860,17841,204.82284474
2017-12-15 02:08:00,17860,17861,17879,17806,217.16557552
2017-12-15 02:09:00,17860.28122099,17788.33054377,17861,17771,103.05021887
2017-12-15 02:10:00,17789,17780,17797,17740,126.07774091
2017-12-15 02:11:00,17777,17773,17800,17751,59.86811294
2017-12-15 02:12:00,17776,17765,17800,17754,58.32045819
2017-12-15 02:13:00,17762,17803,17812,17761,60.00893631
2017-12-15 02:14:00,17810,17839,17856,17803,97.45682463
2017-12-15 02:15:00,17838,17844,17857,17832,42.41959951
2017-12-15 02:16:00,17842,17869,17871,17830,32.52795715
2017-12-15 02:17:00,17856,17909,17914,17855,235.5057218
2017-12-15 02:18:00,17909,17950,17950,17896,135.79178061
2017-12-15 02:19:00,17933,18000,18000,17933,358.92176455
2017-12-15 02:20:00,17998,18101,18111,17990,258.93090974
2017-12-15 02:21:00,18101,17898.13465204,18101,17898.13465204,158.07976947
2017-12-15 02:22:00,17939,17975,17975,17898.13465204,121.13399694
2017-12-15 02:23:00,17975,17938,17979,17923,56.08503957
2017-12-15 02:24:00,17937,17942,17975,17905,68.72100311
2017-12-15 02:25:00,17942,17962,17970,17930,18.78126198
2017-12-15 02:26:00,17961,17933,17999,17888,138.70543165
2017-12-15 02:27:00,17942,17852,17946,17814,110.19878316
2017-12-15 02:28:00,17856,17866,17881,17819,80.28315765
2017-12-15 02:29:00,17865,17901,17901,17852,57.37809167
2017-12-15 02:30:00,17901,17926,17949,17884,54.96955066
2017-12-15 02:31:00,17927,17971,17980,17920,59.75363431
2017-12-15 02:32:00,17972,18029,18033,17972,44.61318914
2017-12-15 02:33:00,18029,17979,18048,17967,68.12482771
2017-12-15 02:34:00,17972,18036,18071,17972,109.21678434
2017-12-15 02:35:00,18022.05843301,18049,18084,18022,80.09709681
2017-12-15 02:36:00,18060,17963,18077,17900,180.70748988
2017-12-15 02:37:00,17949,18055,18072,17949,185.44103412
2017-12-15 02:38:00,18054,18049,18071,18011.43639464,57.95494139
2017-12-15 02:39:00,18049,18007,18060,18000,49.39188059
2017-12-15 02:40:00,18007,18010,18021,17987,27.15999598
2017-12-15 02:41:00,18007,17920,18008,17919,85.08590468
2017-12-15 02:42:00,17920,17917,17940,17905,62.09065588
2017-12-15 02:43:00,17917,17952,17986,17900,88.68846442
2017-12-15 02:44:00,17952,17960,17996,17942,47.83957429
2017-12-15 02:45:00,17960,17912,17963,17900,28.62579095
2017-12-15 02:46:00,17911,17866.26853693,17912,17850,72.18470098
2017-12-15 02:47:00,17852,17855,17879,17815,63.43180903
2017-12-15 02:48:00,17855,17830,17878,17830,47.22779366
2017-12-15 02:49:00,17830,17810,17830,17797,59.45169307
2017-12-15 02:50:00,17810,17750,17811,17750,40.92694147
2017-12-15 02:51:00,17750,17711,17775,17710,108.96257029
2017-12-15 02:52:00,17712,17770,17805,17702,133.22491636
2017-12-15 02:53:00,17758,17770,17807,17730,131.69693097
2017-12-15 02:54:00,17770,17808,17817,17770,74.27809619
2017-12-15 02:55:00,17821,17854,17883,17807,64.79178613
2017-12-15 02:56:00,17854,17872,17903,17850,76.81908347
2017-12-15 02:57:00,17873,17881,17899,17860,30.97517803
2017-12-15 02:58:00,17881,17909,17910,17880,47.22630679
2017-12-15 02:59:00,17909,17941,17944,17909,123.43092546
2017-12-15 03:00:00,17942,17887,17942,17861,104.75045004
2017-12-15 03:01:00,17887,17903,17930,17860,61.55716659
2017-12-15 03:02:00,17909,17888,17921.73918175,17887,37.81582264
2017-12-15 03:03:00,17887,17813,17887,17794,47.09853337
2017-12-15 03:04:00,17812,17805,17830,17800,16.00506884
2017-12-15 03:05:00,17816,17834,17834,17801,15.69661379
2017-12-15 03:06:00,17833,17868,17888,17833,34.97896068
2017-12-15 03:07:00,17868,17835,17886,17835,16.44643172
2017-12-15 03:08:00,17846,17815,17847,17813,13.01027838
2017-12-15 03:09:00,17815,17820,17840,17812,15.68610196
2017-12-15 03:10:00,17820,17813,17838,17812,14.58316665
2017-12-15 03:11:00,17812,17802,17817,17801,38.72378099
2017-12-15 03:12:00,17802,17755,17802,17730,92.82073183
2017-12-15 03:13:00,17746,17780,17792,17745.13996017,23.81970119
2017-12-15 03:14:00,17781,17780,17790,17780,24.09920447
2017-12-15 03:15:00,17772,17772,17783,17753,15.69262431
2017-12-15 03:16:00,17771,17799,17816,17771,41.48154261
2017-12-15 03:17:00,17799,17834,17849,17799,48.41767165
2017-12-15 03:18:00,17835,17858,17870,17834,27.02380114
2017-12-15 03:19:00,17843,17822,17857,17812,28.54967141
2017-12-15 03:20:00,17829,17819,17841,17800,36.42237134
2017-12-15 03:21:00,17818,17806,17839,17805,14.83778196
2017-12-15 03:22:00,17807,17802,17808,17801,11.63691088
2017-12-15 03:23:00,17802,17817,17818,17800,16.83728427
2017-12-15 03:24:00,17816,17850,17850,17816,10.35662217
2017-12-15 03:25:00,17850,17882,17888,17850,37.97646476
2017-12-15 03:26:00,17882,17887,17888,17882,10.74278086
2017-12-15 03:27:00,17886,17811,17887,17811,43.33782602
2017-12-15 03:28:00,17813,17814,17823,17811,11.80231998
2017-12-15 03:29:00,17813,17825,17825,17813,6.1336532
2017-12-15 03:30:00,17828,17844,17866,17828,15.4453587
2017-12-15 03:31:00,17843,17830,17844,17830,11.04681824
2017-12-15 03:32:00,17831,17833,17845,17830,5.73949923
2017-12-15 03:33:00,17833,17821,17833,17820,10.1659
2017-12-15 03:34:00,17821,17825,17840,17820,8.39074675
2017-12-15 03:35:00,17840,17852,17863,17824,14.62092455
2017-12-15 03:36:00,17852,17847,17868,17842,29.70387249
2017-12-15 03:37:00,17847,17875,17888,17847,36.36180376
2017-12-15 03:38:00,17877,17932,17940,17873,46.76246671
2017-12-15 03:39:00,17931,17949,17949,17926,28.27503072
2017-12-15 03:40:00,17949,17939,17950,17906,34.70325039
2017-12-15 03:41:00,17939,17929,17939,17920,13.00440296
2017-12-15 03:42:00,17928,17939,17939,17922,17.95007043
2017-12-15 03:43:00,17939,17940,17940,17938,13.08890234
2017-12-15 03:44:00,17940,17975,17976,17939,45.83863655
2017-12-15 03:45:00,17974,17967,17974,17955,19.90903464
2017-12-15 03:46:00,17969,17971,17973,17966,18.28332592
2017-12-15 03:47:00,17972,17974,17975,17966,24.93161943
2017-12-15 03:48:00,17974,17999,18005,17974,49.08903676
2017-12-15 03:49:00,17998,18026,18040,17998,71.05154782
2017-12-15 03:50:00,18027,18039,18042,18027,40.38238033
2017-12-15 03:51:00,18039,17966,18043,17966,89.40520326
2017-12-15 03:52:00,17971,17948,17975,17938,33.66992668
2017-12-15 03:53:00,17949,17987,17987,17942.39168929,23.55924448
2017-12-15 03:54:00,17988,17993,18028,17973,25.91607459
2017-12-15 03:55:00,17993,17954,18000,17933,37.01792717
2017-12-15 03:56:00,17937,17950,17955,17934,16.06481205
2017-12-15 03:57:00,17951,17948,17985,17937,28.20854774
2017-12-15 03:58:00,17953,17982,17984,17938,29.52774083
2017-12-15 03:59:00,17981,17980,17998,17962,32.38117394
2017-12-15 04:00:00,17979,18000,18010,17975,51.98131041
2017-12-15 04:01:00,18000,18059,18062,18000,75.58492108
2017-12-15 04:02:00,18041,18040,18061,18022,64.22374268
2017-12-15 04:03:00,18036,18029,18040,18029,19.89993078
2017-12-15 04:04:00,18029,18004,18030,18004,20.89136324
2017-12-15 04:05:00,18004,18000,18023,17982,36.50774577
2017-12-15 04:06:00,18000,17984,18011,17982,26.36298205
2017-12-15 04:07:00,17985,18000,18030,17985,21.55128676
2017-12-15 04:08:00,18001,18027,18030,18000,24.02027704
2017-12-15 04:09:00,18027,18023,18030,18020,24.53322311
2017-12-15 04:10:00,18024,18030,18030,18024,11.18317777
2017-12-15 04:11:00,18030,18038,18048,18029,20.80230721
2017-12-15 04:12:00,18038,18002,18038,18001,47.72850688
2017-12-15 04:13:00,18002,18000,18003,18000,34.88344642
2017-12-15 04:14:00,18000,18026,18027,18000,16.80638948
2017-12-15 04:15:00,18026,18025,18040,18025,27.53750916
2017-12-15 04:16:00,18031,18032,18033,17999,39.60229272
2017-12-15 04:17:00,18032,18004,18032,17985,26.43029987
2017-12-15 04:18:00,18002,17996,18005,17980,22.17170338
2017-12-15 04:19:00,17996,18009,18010,17996,12.04246281
2017-12-15 04:20:00,18010,18000,18011,18000,14.46240145
2017-12-15 04:21:00,18000,17938,18001,17920,63.0953874
2017-12-15 04:22:00,17938,17893,17939,17877,102.31542826
2017-12-15 04:23:00,17891,17910,17910,17875,70.81344351
2017-12-15 04:24:00,17910,17923,17945,17890,49.33136992
2017-12-15 04:25:00,17922,17950,17950,17922,28.43079985
2017-12-15 04:26:00,17949,17989,18048,17949,91.77137413
2017-12-15 04:27:00,17989,17965,17998,17965,20.19360286
2017-12-15 04:28:00,17966,17955,17986,17940,13.47049322
2017-12-15 04:29:00,17954,17977,17986,17949,16.41883756
2017-12-15 04:30:00,17977,17981,17988,17965,21.63820477
2017-12-15 04:31:00,17984,17983,17987,17976,10.00356184
2017-12-15 04:32:00,17983,17984,17996,17983,29.81425267
2017-12-15 04:33:00,17985,17983,17990,17983,11.50813247
2017-12-15 04:34:00,17983,17992,17993,17983,5.12420324
2017-12-15 04:35:00,17992,17993,17998,17992,25.50156959
2017-12-15 04:36:00,17993,17964,17994,17960,43.19203839
2017-12-15 04:37:00,17963,17953,17980,17952,24.64143157
2017-12-15 04:38:00,17952,17954,17954,17952,2.80306009
2017-12-15 04:39:00,17953,17952,17953,17952,3.56753453
2017-12-15 04:40:00,17953,17952,17963,17952,13.64195459
2017-12-15 04:41:00,17953,17949,18000,17923,74.15225773
2017-12-15 04:42:00,17959,17949,17974,17934,15.1420206
2017-12-15 04:43:00,17950,17927,17950,17925,8.47507797
2017-12-15 04:44:00,17928,17920,17936,17920,59.82231202
2017-12-15 04:45:00,17920,17922,17930,17920,28.92385073
2017-12-15 04:46:00,17923,17866,17923,17858.57631921,79.22021346
2017-12-15 04:47:00,17865,17880,17901,17812,95.85011631
2017-12-15 04:48:00,17884,17872,17888,17824,26.49075792
2017-12-15 04:49:00,17871,17882,17897,17865,35.95967784
2017-12-15 04:50:00,17883,17836,17886,17812,51.52253555
2017-12-15 04:51:00,17848,17858,17867,17836,16.50225896
2017-12-15 04:52:00,17863,17842,17878,17842,19.30724304
2017-12-15 04:53:00,17842,17852,17852,17842,17.39589804
2017-12-15 04:54:00,17852,17867,17876,17845,8.78978572
2017-12-15 04:55:00,17861,17853,17865,17842,17.3716047
2017-12-15 04:56:00,17859,17881,17889,17857,16.29345969
2017-12-15 04:57:00,17881,17927,17929,17881,18.42569798
2017-12-15 04:58:00,17927,17917,17944.75268563,17903,45.18825139
2017-12-15 04:59:00,17924,17890,17924,17878,25.68096921
2017-12-15 05:00:00,17891,17915,17925,17890,19.57518461
2017-12-15 05:01:00,17915,17899,17924,17890,43.87321587
2017-12-15 05:02:00,17900,17936,17941.21119112,17898,26.4662547
2017-12-15 05:03:00,17935,17908,17935,17903,14.85513226
2017-12-15 05:04:00,17904,17916,17923,17893,12.96266035
2017-12-15 05:05:00,17916,17911,17925,17910,13.93084626
2017-12-15 05:06:00,17910,17877,17911,17877,27.55767987
2017-12-15 05:07:00,17872,17841,17876,17838,49.08150763
2017-12-15 05:08:00,17842,17835,17842,17830,40.08121371
2017-12-15 05:09:00,17834,17849,17893,17834,53.96129125
2017-12-15 05:10:00,17848,17863,17872,17831,43.20473185
2017-12-15 05:11:00,17864,17850,17864,17850,24.34521798
2017-12-15 05:12:00,17842,17844,17850,17840,12.5614877
2017-12-15 05:13:00,17847,17835,17849,17835,28.34543835
2017-12-15 05:14:00,17835,17825,17841,17825,41.43759695
2017-12-15 05:15:00,17825,17801,17826,17801,90.59099519
2017-12-15 05:16:00,17801,17777,17802,17761,118.85347205
2017-12-15 05:17:00,17778,17757,17778,17750,33.59339477
2017-12-15 05:18:00,17757,17759,17785,17752,43.55066451
2017-12-15 05:19:00,17757,17769,17769,17751,30.4724402
2017-12-15 05:20:00,17765,17771,17790,17764,40.52413241
2017-12-15 05:21:00,17771,17767,17800,17760,39.77519104
2017-12-15 05:22:00,17768,17789,17792,17767,19.37731679
2017-12-15 05:23:00,17789,17797,17827,17789,49.14414444
2017-12-15 05:24:00,17798,17796,17798,17789,28.84703222
2017-12-15 05:25:00,17796,17780,17797,17780,29.50407645
2017-12-15 05:26:00,17780,17752,17782,17751,36.03577239
2017-12-15 05:27:00,17751,17749,17771,17726,65.55944864
2017-12-15 05:28:00,17749,17691,17752,17690,178.92011215
2017-12-15 05:29:00,17691,17682,17696,17680,105.04667205
2017-12-15 05:30:00,17683,17667.33561563,17685,17667.33561563,51.67090607
2017-12-15 05:31:00,17667.33561563,17657,17673,17655,63.65340783
2017-12-15 05:32:00,17666,17658,17682,17650,76.57833717
2017-12-15 05:33:00,17657,17657,17670,17652,59.74166109
2017-12-15 05:34:00,17657,17658,17660,17657,25.79718949
2017-12-15 05:35:00,17661,17710,17731,17658,69.50411796
2017-12-15 05:36:00,17711,17700,17723,17700,49.75803926
2017-12-15 05:37:00,17700,17677,17701,17672,20.74657214
2017-12-15 05:38:00,17673,17701,17748,17670,55.53893443
2017-12-15 05:39:00,17700,17718,17744,17693,69.05303708
2017-12-15 05:40:00,17718,17706,17732,17705,29.73165067
2017-12-15 05:41:00,17707,17693,17711,17691,46.4950351
2017-12-15 05:42:00,17697,17681,17740,17680,51.08205377
2017-12-15 05:43:00,17681,17681,17683,17680,58.63802518
2017-12-15 05:44:00,17680,17644,17681,17628.37917601,72.60375504
2017-12-15 05:45:00,17631,17571,17641,17571,112.666199
2017-12-15 05:46:00,17581,17643,17652,17560,78.57399107
2017-12-15 05:47:00,17631,17637,17664.97461929,17617,88.675017
2017-12-15 05:48:00,17636,17665,17679,17632,69.87824581
2017-12-15 05:49:00,17665,17696,17697,17665,66.5585238
2017-12-15 05:50:00,17697,17728,17736,17696,59.36646
2017-12-15 05:51:00,17728,17761,17761,17724,59.60164049
2017-12-15 05:52:00,17761,17815,17817,17755,77.43057917
2017-12-15 05:53:00,17817,17852,17877,17817,111.31592946
2017-12-15 05:54:00,17852,17838,17871,17826,76.48805512
2017-12-15 05:55:00,17838,17797,17839,17796,55.86617374
2017-12-15 05:56:00,17796,17841,17841,17796,52.1707487
2017-12-15 05:57:00,17835,17839,17845,17829,29.744394
2017-12-15 05:58:00,17839,17868,17869,17834,25.48975668
2017-12-15 05:59:00,17854,17842,17866,17830,27.49904604
2017-12-15 06:00:00,17843,17864,17867,17842,26.81653503
2017-12-15 06:01:00,17867,17895,17897,17865,37.56028697
2017-12-15 06:02:00,17895,17899,17900,17895,69.41897172
2017-12-15 06:03:00,17900,17920,17930,17900,37.07851082
2017-12-15 06:04:00,17920,17917,17939,17915,29.13918356
2017-12-15 06:05:00,17917,17929,17930,17917,24.68235992
2017-12-15 06:06:00,17930,17930,17930,17922,40.39171997
2017-12-15 06:07:00,17929,17926,17929,17922,22.40047356
2017-12-15 06:08:00,17926,17925,17934,17924,36.45834656
2017-12-15 06:09:00,17926,17912,17926,17910,40.96840832
2017-12-15 06:10:00,17910,17825,17911,17824,86.09945781
2017-12-15 06:11:00,17825,17783,17825,17776,67.64861143
2017-12-15 06:12:00,17784,17800,17800,17751,46.12621503
2017-12-15 06:13:00,17801,17827,17838,17800,38.47622016
2017-12-15 06:14:00,17826,17850,17856,17825,31.42641378
2017-12-15 06:15:00,17850,17847,17851,17847,25.61333476
2017-12-15 06:16:00,17848,17810,17848,17808,19.51959704
2017-12-15 06:17:00,17810,17791,17814,17788,15.6031074
2017-12-15 06:18:00,17790,17790,17791,17787,11.75358727
2017-12-15 06:19:00,17788,17789,17828,17782,25.05069658
2017-12-15 06:20:00,17783,17814,17815,17781,16.67812632
2017-12-15 06:21:00,17813,17808,17816,17782,9.36737189
2017-12-15 06:22:00,17803,17805,17812,17803,9.45160104
2017-12-15 06:23:00,17805,17807,17816,17805,5.15519725
2017-12-15 06:24:00,17807,17800,17807,17800,10.58854409
2017-12-15 06:25:00,17801,17795,17801,17790,7.70132283
2017-12-15 06:26:00,17796,17785,17796,17781,12.31454774
2017-12-15 06:27:00,17785,17799,17807,17784,20.253337
2017-12-15 06:28:00,17800,17777,17800,17777,15.72067965
2017-12-15 06:29:00,17778,17761,17791,17761,12.02053321
2017-12-15 06:30:00,17765,17733,17775,17732,38.67524707
2017-12-15 06:31:00,17731,17740,17749,17717,26.85170855
2017-12-15 06:32:00,17741,17753,17764,17741,15.59926033
2017-12-15 06:33:00,17754,17750,17778,17728,28.69281708
2017-12-15 06:34:00,17748,17749,17750,17740,18.48253251
2017-12-15 06:35:00,17749,17735,17750,17735,15.40723861
2017-12-15 06:36:00,17736,17739,17740,17735,10.73984169
2017-12-15 06:37:00,17737,17744,17750,17735,12.40515662
2017-12-15 06:38:00,17742,17747,17750,17741.70700035,13.6689922
2017-12-15 06:39:00,17748,17729,17749,17720,19.08598971
2017-12-15 06:40:00,17720,17704,17749,17699,50.43437082
2017-12-15 06:41:00,17714,17708,17734,17697,9.76869732
2017-12-15 06:42:00,17711,17731,17749,17711,13.38930823
2017-12-15 06:43:00,17730,17731,17750,17712,15.25859895
2017-12-15 06:44:00,17713,17689,17715,17689,11.43935193
2017-12-15 06:45:00,17706,17701,17713,17692,15.58132151
2017-12-15 06:46:00,17700,17692,17702,17679,25.96081337
2017-12-15 06:47:00,17679,17723,17728,17679,31.90823381
2017-12-15 06:48:00,17730,17750,17750,17728,44.35334429
2017-12-15 06:49:00,17749,17778,17778,17749,26.28702412
2017-12-15 06:50:00,17778,17789,17809,17754,54.66202233
2017-12-15 06:51:00,17790,17790,17790,17782,41.18764641
2017-12-15 06:52:00,17790,17770,17790,17751,21.51817567
2017-12-15 06:53:00,17770,17770,17790,17753,16.81420226
2017-12-15 06:54:00,17769,17783,17787,17736,25.97856593
2017-12-15 06:55:00,17783,17768,17800,17768,36.3466703
2017-12-15 06:56:00,17764,17746,17769,17746,21.05351324
2017-12-15 06:57:00,17745,17743,17749,17729,19.19710478
2017-12-15 06:58:00,17740,17699,17745,17699,53.70041032
2017-12-15 06:59:00,17701,17659,17701,17655,31.76443223
2017-12-15 07:00:00,17659,17680,17680,17650,29.58068372
2017-12-15 07:01:00,17680,17680,17680,17663,17.62627458
2017-12-15 07:02:00,17678,17660,17680,17660,27.62646165
2017-12-15 07:03:00,17675,17650,17675,17650,21.25025279
2017-12-15 07:04:00,17650,17622,17651,17614,53.74751423
2017-12-15 07:05:00,17615,17629,17630,17599,85.89721966
2017-12-15 07:06:00,17629,17679,17679,17623,37.9709157
2017-12-15 07:07:00,17670,17702,17707,17670,44.8106777
2017-12-15 07:08:00,17702,17702,17707,17687,26.47038295
2017-12-15 07:09:00,17701,17708,17719,17701,17.75868158
2017-12-15 07:10:00,17709,17746,17746,17704,33.009265
2017-12-15 07:11:00,17746,17760,17762,17743,20.43140591
2017-12-15 07:12:00,17760,17747,17761,17743,29.94175415
2017-12-15 07:13:00,17744,17737,17747,17715,22.56086433
2017-12-15 07:14:00,17739,17741,17750,17714,17.05583063
2017-12-15 07:15:00,17741,17730,17742,17715,13.69791541
2017-12-15 07:16:00,17729,17721,17730,17720,9.93874187
2017-12-15 07:17:00,17720,17711,17720,17701,19.48764566
2017-12-15 07:18:00,17710,17700,17718,17699,27.2305752
2017-12-15 07:19:00,17699,17679,17700,17670,19.82641864
2017-12-15 07:20:00,17670,17663,17699,17650,38.72428176
2017-12-15 07:21:00,17665,17686,17699,17657,27.96677766
2017-12-15 07:22:00,17692,17650,17692,17650,31.49677652
2017-12-15 07:23:00,17650,17639,17650,17621,41.50219007
2017-12-15 07:24:00,17623,17600,17645,17591,63.37326481
2017-12-15 07:25:00,17591,17600,17600,17582,47.49026554
2017-12-15 07:26:00,17600,17595,17600,17581,40.72809896
2017-12-15 07:27:00,17596,17587,17607.13020895,17570,37.90764567
2017-12-15 07:28:00,17587,17570,17590,17570,28.02067417
2017-12-15 07:29:00,17570,17550,17572,17549.28579861,72.19481303
2017-12-15 07:30:00,17549.28579861,17522,17566,17515,89.37050248
2017-12-15 07:31:00,17521,17581,17584,17521,43.70411672
2017-12-15 07:32:00,17582,17629,17635,17581,61.21754438
2017-12-15 07:33:00,17629,17618,17631,17600,31.70145641
2017-12-15 07:34:00,17616,17585,17617,17565,35.6881077
2017-12-15 07:35:00,17586,17616,17616,17585,18.08341529
2017-12-15 07:36:00,17613,17639,17649,17613,34.77341984
2017-12-15 07:37:00,17639,17649,17649,17638,24.19637522
2017-12-15 07:38:00,17649,17664,17664,17648,32.15698727
2017-12-15 07:39:00,17664,17688,17688,17663,24.9509018
2017-12-15 07:40:00,17688,17660,17688,17660,16.01523402
2017-12-15 07:41:00,17661,17722,17732,17660,187.08901197
2017-12-15 07:42:00,17722,17728,17732,17720,28.27738532
2017-12-15 07:43:00,17728,17721,17729,17720,75.74555537
2017-12-15 07:44:00,17722,17720,17735,17720,40.88378594
2017-12-15 07:45:00,17720,17722,17730,17720,22.67684231
2017-12-15 07:46:00,17722,17721,17722,17720,18.08327279
2017-12-15 07:47:00,17720,17724,17725,17720,147.19545775
2017-12-15 07:48:00,17724,17720,17728,17720,65.61104058
2017-12-15 07:49:00,17720,17642,17721,17634,30.04717072
2017-12-15 07:50:00,17641,17680,17691,17619,27.00429283
2017-12-15 07:51:00,17681,17674,17687,17664,19.00467194
2017-12-15 07:52:00,17674,17664,17681,17654,19.68773294
2017-12-15 07:53:00,17661,17666,17678,17660,16.48125883
2017-12-15 07:54:00,17666,17619,17670,17550.46629678,151.34454125
2017-12-15 07:55:00,17619,17608,17643,17603,21.04237258
2017-12-15 07:56:00,17620,17610,17620,17600,11.83252024
2017-12-15 07:57:00,17609,17625,17635,17602,20.481457
2017-12-15 07:58:00,17626,17623,17635,17622,21.81079311
2017-12-15 07:59:00,17622,17601,17623,17601,22.70367576
2017-12-15 08:00:00,17609,17611,17633,17601,18.6749559
2017-12-15 08:01:00,17612,17610,17613,17601,5.5099675
2017-12-15 08:02:00,17608,17600,17609,17600,16.10685141
2017-12-15 08:03:00,17600,17608,17627,17600,17.15736056
2017-12-15 08:04:00,17613,17654,17703,17613,124.67285801
2017-12-15 08:05:00,17687,17683,17700,17660,38.95526702
2017-12-15 08:06:00,17684,17721,17722,17682,41.48050398
2017-12-15 08:07:00,17720,17701,17721,17700,31.09158938
2017-12-15 08:08:00,17700,17701,17701,17700,35.05412107
2017-12-15 08:09:00,17701,17722,17722,17700,26.39213607
2017-12-15 08:10:00,17722,17720,17727,17720,18.38686323
2017-12-15 08:11:00,17721,17692,17722,17691,26.7587155
2017-12-15 08:12:00,17698,17700,17721,17694,16.32322717
2017-12-15 08:13:00,17698,17700,17700,17692,19.05021424
2017-12-15 08:14:00,17699,17691,17716,17690,37.44361925
2017-12-15 08:15:00,17690,17718,17719,17690,23.60669534
2017-12-15 08:16:00,17717,17719,17739,17704,56.6677142
2017-12-15 08:17:00,17727,17731,17731,17704,17.09019235
2017-12-15 08:18:00,17731,17706,17736,17706,17.04210604
2017-12-15 08:19:00,17712,17718,17732,17707,25.42583926
2017-12-15 08:20:00,17717,17719,17728,17710,9.18579773
2017-12-15 08:21:00,17717,17730,17732,17707,20.85905926
2017-12-15 08:22:00,17730,17758,17767,17713,103.32267782
2017-12-15 08:23:00,17756,17754,17777,17753,31.70187875
2017-12-15 08:24:00,17754,17750,17754,17750,32.17587244
2017-12-15 08:25:00,17751,17753,17754,17750,30.61515209
2017-12-15 08:26:00,17751,17730,17754,17730,29.35743499
2017-12-15 08:27:00,17730,17754,17766,17730,16.31386832
2017-12-15 08:28:00,17762,17723,17762,17723,7.17200404
2017-12-15 08:29:00,17720,17703,17725,17700,23.25836199
2017-12-15 08:30:00,17710,17700,17724,17700,7.00979801
2017-12-15 08:31:00,17700,17698,17724,17689,17.0306
2017-12-15 08:32:00,17698,17714,17723,17689,10.50417406
2017-12-15 08:33:00,17715,17705,17718,17699,10.26682256
2017-12-15 08:34:00,17700,17700,17714,17699,23.46019103
2017-12-15 08:35:00,17700,17697,17701,17689,16.23698158
2017-12-15 08:36:00,17697,17697,17713,17690,11.07464425
2017-12-15 08:37:00,17698,17709,17715,17697,14.72914246
2017-12-15 08:38:00,17714,17702,17714,17698,19.69838789
2017-12-15 08:39:00,17700,17696,17715,17696,10.6078372
2017-12-15 08:40:00,17697,17689,17714,17689,14.47570278
2017-12-15 08:41:00,17690,17690,17700,17689,14.24345027
2017-12-15 08:42:00,17691,17705,17710,17690,22.32947771
2017-12-15 08:43:00,17706,17697,17706,17697,6.29692117
2017-12-15 08:44:00,17697,17693,17698,17690,13.12809308
2017-12-15 08:45:00,17694,17691,17696,17689,23.30209602
2017-12-15 08:46:00,17692,17700,17700,17689,24.18024785
2017-12-15 08:47:00,17699,17693,17710,17671,21.63259525
2017-12-15 08:48:00,17693,17683,17699,17676,27.0802446
2017-12-15 08:49:00,17682,17675,17690,17675,7.88258838
2017-12-15 08:50:00,17675,17638,17675,17637,19.24410962
2017-12-15 08:51:00,17638,17600,17670,17594,48.27786152
2017-12-15 08:52:00,17600,17594,17600,17594,25.3124633
2017-12-15 08:53:00,17595,17594,17600,17585,15.22292682
2017-12-15 08:54:00,17594,17580,17596,17568,37.31478651
2017-12-15 08:55:00,17579,17596,17598,17567,35.14764718
2017-12-15 08:56:00,17597,17634,17644,17597,19.89636016
2017-12-15 08:57:00,17635,17650,17650,17634,16.50202495
2017-12-15 08:58:00,17649,17658,17658,17635,20.53723371
2017-12-15 08:59:00,17659,17635,17660,17635,30.99207389
2017-12-15 09:00:00,17634,17614,17653,17590,26.89180702
2017-12-15 09:01:00,17624,17592,17624,17589,12.19546931
2017-12-15 09:02:00,17592,17597,17606,17579,30.1931149
2017-12-15 09:03:00,17597,17599,17610,17597,8.97798382
2017-12-15 09:04:00,17599,17586,17603,17580,8.68164202
2017-12-15 09:05:00,17580,17579,17595,17576,17.1237147
2017-12-15 09:06:00,17579,17579,17591,17570,14.95956061
2017-12-15 09:07:00,17584,17551,17584,17550.46629678,53.89775442
2017-12-15 09:08:00,17550.46629678,17536,17557,17522,62.52284338
2017-12-15 09:09:00,17523,17529,17543,17522,24.59115648
2017-12-15 09:10:00,17526,17544,17549,17520,27.26968625
2017-12-15 09:11:00,17544,17574,17585,17544,37.9289084
2017-12-15 09:12:00,17580,17593,17593,17578,18.68436588
2017-12-15 09:13:00,17593,17621,17625,17592,40.71743744
2017-12-15 09:14:00,17624,17627,17628,17620,9.34622222
2017-12-15 09:15:00,17628,17625,17630,17625,11.11687035
2017-12-15 09:16:00,17626,17578,17626,17559,24.237599
2017-12-15 09:17:00,17582,17578,17590,17549,21.07796339
2017-12-15 09:18:00,17574,17582,17590,17560,14.17252852
2017-12-15 09:19:00,17581,17577,17589,17561,9.34096556
2017-12-15 09:20:00,17577,17590,17590,17576,8.43431609
2017-12-15 09:21:00,17590,17620,17627,17589,17.08527795
2017-12-15 09:22:00,17620,17623,17630,17611,27.34198516
2017-12-15 09:23:00,17626,17602,17626,17591,9.56393503
2017-12-15 09:24:00,17603,17612,17613,17603,6.04083585
2017-12-15 09:25:00,17612,17614,17615,17612,12.36391275
2017-12-15 09:26:00,17614,17606,17620,17594,12.57902123
2017-12-15 09:27:00,17605,17608,17624,17591,10.56369771
2017-12-15 09:28:00,17605,17601,17619,17588,11.23362961
2017-12-15 09:29:00,17588,17600,17602,17580,9.4189508
2017-12-15 09:30:00,17603,17608,17615,17581,15.08198634
2017-12-15 09:31:00,17615,17600,17626,17580,17.40908125
2017-12-15 09:32:00,17611,17617,17619,17594,6.89220764
2017-12-15 09:33:00,17616,17610,17638,17579,35.37626656
2017-12-15 09:34:00,17633,17633,17657,17620,8.7921678
2017-12-15 09:35:00,17636,17643,17655,17633,10.46271035
2017-12-15 09:36:00,17642,17680,17697,17642,43.68531463
2017-12-15 09:37:00,17680,17669,17692,17650,34.85865154
2017-12-15 09:38:00,17668,17659,17672,17655,10.40002535
2017-12-15 09:39:00,17658,17662,17668,17650,18.86894833
2017-12-15 09:40:00,17662,17676,17681,17662,11.12680065
2017-12-15 09:41:00,17679,17690,17700,17676,37.33090283
2017-12-15 09:42:00,17690,17690,17696,17690,13.72214863
2017-12-15 09:43:00,17690,17657,17693,17657,20.16315566
2017-12-15 09:44:00,17657,17644,17657,17638,21.43048133
2017-12-15 09:45:00,17645,17672,17672,17644,7.45104074
2017-12-15 09:46:00,17672,17657,17675,17657,4.08640402
2017-12-15 09:47:00,17657,17658,17673,17650,5.43363852
2017-12-15 09:48:00,17660,17643,17674,17640,7.56344837
2017-12-15 09:49:00,17646,17651,17679,17645,7.38183453
2017-12-15 09:50:00,17650,17636,17650,17631,18.88253359
2017-12-15 09:51:00,17636,17638,17638,17631,8.57805197
2017-12-15 09:52:00,17638,17649,17655,17636,14.27922773
2017-12-15 09:53:00,17641,17647,17662,17635,18.43924425
2017-12-15 09:54:00,17646,17635,17649,17635,6.45913102
2017-12-15 09:55:00,17636,17631,17642,17630,9.35428332
2017-12-15 09:56:00,17630,17608,17636,17608,15.09738908
2017-12-15 09:57:00,17609,17595,17622,17595,38.63026303
2017-12-15 09:58:00,17595,17586,17601,17578,34.48557732
2017-12-15 09:59:00,17586,17569,17587,17568,32.78107656
2017-12-15 10:00:00,17570,17564,17576,17564,25.31641302
2017-12-15 10:01:00,17566,17586,17610,17566,29.34957842
2017-12-15 10:02:00,17591,17601,17613,17587,22.59030303
2017-12-15 10:03:00,17601,17583,17608,17571,20.00072534
2017-12-15 10:04:00,17582,17602,17602,17570,10.88375395
2017-12-15 10:05:00,17584,17564,17601,17564,26.63642022
2017-12-15 10:06:00,17565,17563,17590,17563,32.39237432
2017-12-15 10:07:00,17562,17542,17563,17541,22.98327764
2017-12-15 10:08:00,17542,17551,17566,17529,53.96641205
2017-12-15 10:09:00,17557,17559,17566,17546,17.46878555
2017-12-15 10:10:00,17555,17562,17574,17555,21.58775496
2017-12-15 10:11:00,17562,17555,17572,17555,33.67756787
2017-12-15 10:12:00,17556,17555,17562,17555,23.81557595
2017-12-15 10:13:00,17555,17567,17571,17555,28.50537085
2017-12-15 10:14:00,17562,17574,17599,17562,21.6458802
2017-12-15 10:15:00,17577,17605,17621,17577,45.62399625
2017-12-15 10:16:00,17605,17603,17624,17600,23.17886645
2017-12-15 10:17:00,17604,17608,17620,17603,7.15321595
2017-12-15 10:18:00,17612,17621,17649,17608,19.46230794
2017-12-15 10:19:00,17623,17611,17641,17610,17.85861451
2017-12-15 10:20:00,17610,17590,17611,17590,37.8690301
2017-12-15 10:21:00,17590,17591,17601,17575,18.51900173
2017-12-15 10:22:00,17591,17575,17591,17575,13.45568625
2017-12-15 10:23:00,17576,17585,17603,17576,23.87804694
2017-12-15 10:24:00,17585,17587,17598,17582,16.67264438
2017-12-15 10:25:00,17588,17599,17600,17570,36.64272183
2017-12-15 10:26:00,17600,17628,17630,17599,17.93559912
2017-12-15 10:27:00,17628,17633,17645,17626,17.98775164
2017-12-15 10:28:00,17633,17648,17648,17633,17.57246594
2017-12-15 10:29:00,17648,17591,17650,17555,83.55032073
2017-12-15 10:30:00,17591,17625,17636,17580,25.19487182
2017-12-15 10:31:00,17626,17592,17626,17591,31.26650355
2017-12-15 10:32:00,17599,17625,17625,17595,16.16020566
2017-12-15 10:33:00,17625,17606,17650,17601,33.85005067
2017-12-15 10:34:00,17606,17652,17665,17605,23.43725715
2017-12-15 10:35:00,17661,17663,17668,17653,13.48151347
2017-12-15 10:36:00,17665,17656,17668,17646,10.35444771
2017-12-15 10:37:00,17655,17618,17661,17605,24.99317053
2017-12-15 10:38:00,17625,17625,17639,17618,16.64260978
2017-12-15 10:39:00,17633,17656,17656,17631,12.2528334
2017-12-15 10:40:00,17651,17680,17680,17650,43.38949842
2017-12-15 10:41:00,17680,17690,17700,17670,22.22311339
2017-12-15 10:42:00,17690,17679,17700,17659,48.48348311
2017-12-15 10:43:00,17673,17674,17689,17657,18.42636489
2017-12-15 10:44:00,17673,17663,17682,17660,4.25189962
2017-12-15 10:45:00,17664,17655,17677,17655,17.40536064
2017-12-15 10:46:00,17665,17668,17669,17657,6.85683071
2017-12-15 10:47:00,17669,17689,17690,17668,14.22800147
2017-12-15 10:48:00,17688,17693,17699,17688,27.56394302
2017-12-15 10:49:00,17694,17689,17699,17686,11.70956606
2017-12-15 10:50:00,17687,17695,17699,17687,24.99455
2017-12-15 10:51:00,17694,17689,17700,17689,24.30313378
2017-12-15 10:52:00,17690,17696,17696,17681,12.74733549
2017-12-15 10:53:00,17696,17699,17700,17690,32.54262393
2017-12-15 10:54:00,17700,17703.93105891,17703.93105891,17699,47.4145111
2017-12-15 10:55:00,17703,17749,17750,17703,63.50811654
2017-12-15 10:56:00,17748,17757,17780,17748,39.2370556
2017-12-15 10:57:00,17767,17775,17780,17749,23.8218152
2017-12-15 10:58:00,17773,17771,17780,17770,31.66207448
2017-12-15 10:59:00,17771,17787,17789,17763,35.84855496
2017-12-15 11:00:00,17790,17747,17800,17729,46.93299219
2017-12-15 11:01:00,17748,17767,17780,17748,40.75175893
2017-12-15 11:02:00,17779,17800,17803,17756,96.2632328
2017-12-15 11:03:00,17803,17830,17835,17790,56.35752132
2017-12-15 11:04:00,17830,17820,17840,17820,59.41418172
2017-12-15 11:05:00,17821,17804,17822,17784,27.06458291
2017-12-15 11:06:00,17804,17822,17836,17802,32.63579142
2017-12-15 11:07:00,17824,17816,17841,17810,25.31794161
2017-12-15 11:08:00,17824,17848,17850,17797,43.04639022
2017-12-15 11:09:00,17849,17812,17850,17806,19.42694804
2017-12-15 11:10:00,17812,17821,17835,17783,31.37295134
2017-12-15 11:11:00,17818,17814,17826,17788,30.80560036
2017-12-15 11:12:00,17815,17797,17815,17754,49.50850944
2017-12-15 11:13:00,17796,17759,17810,17753,25.99338633
2017-12-15 11:14:00,17759,17718,17760,17710,44.14384311
2017-12-15 11:15:00,17719,17733,17759,17712,42.00122431
2017-12-15 11:16:00,17733,17703,17745,17702,19.63180729
2017-12-15 11:17:00,17703,17667,17704,17650,54.8558014
2017-12-15 11:18:00,17668,17696,17709,17667,20.69949702
2017-12-15 11:19:00,17694,17699,17709,17663,36.49207156
2017-12-15 11:20:00,17689,17701,17709,17688,10.40670017
2017-12-15 11:21:00,17700,17684,17701,17682,18.20707767
2017-12-15 11:22:00,17683,17660,17683,17651,21.397547
2017-12-15 11:23:00,17661,17630,17680,17619,60.86723689
2017-12-15 11:24:00,17622,17657,17661,17622,22.43206275
2017-12-15 11:25:00,17663,17623,17670,17619,17.44690576
2017-12-15 11:26:00,17626,17648,17660,17621,9.8644388
2017-12-15 11:27:00,17653,17675,17681,17653,24.91819543
2017-12-15 11:28:00,17675,17659,17675,17629,15.65796689
2017-12-15 11:29:00,17660,17683,17683,17659,12.93360008
2017-12-15 11:30:00,17683,17709,17719,17683,23.69303234
2017-12-15 11:31:00,17709,17705,17720,17673,9.43882824
2017-12-15 11:32:00,17706,17712,17724,17695,6.16455254
2017-12-15 11:33:00,17706,17715,17718,17691,5.76619529
2017-12-15 11:34:00,17716,17720,17721,17715,2.72685839
2017-12-15 11:35:00,17721,17725,17735,17720,8.15181947
2017-12-15 11:36:00,17725,17716,17726,17716,3.94189586
2017-12-15 11:37:00,17716,17695,17717,17689,5.50656719
2017-12-15 11:38:00,17695,17678,17698,17662,24.83986302
2017-12-15 11:39:00,17677,17672,17678,17664,3.96325716
2017-12-15 11:40:00,17673,17699,17710,17673,7.73042812
2017-12-15 11:41:00,17700,17672,17700,17672,15.13771022
2017-12-15 11:42:00,17679,17669.24896873,17695.11902578,17666,13.24244155
2017-12-15 11:43:00,17668,17659.84167525,17680,17650,19.29542783
2017-12-15 11:44:00,17657,17660,17673,17643,13.49918802
2017-12-15 11:45:00,17650,17675.12852715,17675.12852715,17649,6.78137969
2017-12-15 11:46:00,17667,17670,17681,17663,10.65372026
2017-12-15 11:47:00,17669,17667,17682,17653,13.52933645
2017-12-15 11:48:00,17666,17632,17668,17632,9.98478218
2017-12-15 11:49:00,17644,17643,17650,17631,13.94857147
2017-12-15 11:50:00,17648,17682,17682,17646,7.52711254
2017-12-15 11:51:00,17680,17681,17687,17654,6.79362789
2017-12-15 11:52:00,17680,17681,17693,17663,1.0307704
2017-12-15 11:53:00,17685,17672,17685,17672,0.80497018
2017-12-15 11:54:00,17672,17668.07305704,17672,17658,4.18196277
2017-12-15 11:55:00,17669,17695,17699,17668,9.21459214
2017-12-15 11:56:00,17693,17679,17699,17679,4.4191078
2017-12-15 11:57:00,17680,17680,17699,17674,3.56265336
2017-12-15 11:58:00,17680,17679,17680,17674,2.28482658
2017-12-15 11:59:00,17679,17692,17700,17678,9.73929549
2017-12-15 12:00:00,17692,17700,17701,17692,7.23079176
2017-12-15 12:01:00,17701,17673,17701,17673,4.80237418
2017-12-15 12:02:00,17672,17649,17672,17646,14.76367714
2017-12-15 12:03:00,17650,17668,17669,17645,17.01309575
2017-12-15 12:04:00,17670,17687,17688,17670,6.14406802
2017-12-15 12:05:00,17681,17681,17688,17681,5.01931516
2017-12-15 12:06:00,17682,17687,17688,17681,3.48249163
2017-12-15 12:07:00,17687,17690,17697,17687,6.90672652
2017-12-15 12:08:00,17690,17678,17700,17678,16.45828408
2017-12-15 12:09:00,17692,17675,17697.47084915,17659,10.926252
2017-12-15 12:10:00,17676,17681,17682,17676,2.50995748
2017-12-15 12:11:00,17681,17659,17681,17658,3.17805632
2017-12-15 12:12:00,17664,17648,17675,17619,30.14163295
2017-12-15 12:13:00,17644,17642,17655,17628,8.88295365
2017-12-15 12:14:00,17648,17698,17700,17641,67.26449166
2017-12-15 12:15:00,17695,17752,17829,17692,146.08649808
2017-12-15 12:16:00,17756,17772,17798,17752,82.27989392
2017-12-15 12:17:00,17772,17765,17778,17754,23.89542467
2017-12-15 12:18:00,17764,17753,17771,17750,21.29916509
2017-12-15 12:19:00,17753,17773,17790,17752,20.17390718
2017-12-15 12:20:00,17774,17781,17784,17773,4.35252934
2017-12-15 12:21:00,17781,17770,17781,17762.14599179,8.68029208
2017-12-15 12:22:00,17771,17770,17771,17770,5.74636309
2017-12-15 12:23:00,17771,17731,17771,17731,11.37135983
2017-12-15 12:24:00,17746,17754,17759,17734,6.62164225
2017-12-15 12:25:00,17755,17774,17780,17754,9.5133164
2017-12-15 12:26:00,17775,17770,17799,17762,24.17334047
2017-12-15 12:27:00,17770,17778,17799,17770,10.41208644
2017-12-15 12:28:00,17773,17786,17798.599254,17768,5.31328168
2017-12-15 12:29:00,17784,17767,17789,17767,16.44771784
2017-12-15 12:30:00,17767,17768,17788.01604884,17764,8.69848996
2017-12-15 12:31:00,17769,17781,17785,17769,11.41947115
2017-12-15 12:32:00,17780,17780,17781,17775,3.15676026
2017-12-15 12:33:00,17778,17826,17830,17774,54.43217805
2017-12-15 12:34:00,17827,17837,17852,17820,101.33439328
2017-12-15 12:35:00,17833,17813,17834,17796,38.57126496
2017-12-15 12:36:00,17812,17819,17869,17807,58.80740271
2017-12-15 12:37:00,17818,17866,17869,17815,50.04384937
2017-12-15 12:38:00,17866,17837,17867,17829.17295779,18.64055499
2017-12-15 12:39:00,17837,17853,17858,17834,27.27011088
2017-12-15 12:40:00,17853,17853,17856,17852,18.47282913
2017-12-15 12:41:00,17853,17823,17853,17810,16.71099668
2017-12-15 12:42:00,17821,17819,17822,17795,16.4950843
2017-12-15 12:43:00,17819,17805,17820,17784,20.35396043
2017-12-15 12:44:00,17805,17812,17817,17794,7.7902603
2017-12-15 12:45:00,17809,17832,17832,17809,10.76140048
2017-12-15 12:46:00,17833,17819,17833,17816,8.85672232
2017-12-15 12:47:00,17819,17816,17819,17814,16.45717298
2017-12-15 12:48:00,17817,17804,17825,17790.36787221,11.16208816
2017-12-15 12:49:00,17791,17771,17808,17771,31.18723993
2017-12-15 12:50:00,17771.55328526,17747,17771.55328526,17727,66.71263087
2017-12-15 12:51:00,17748,17746,17759,17739,14.47392171
2017-12-15 12:52:00,17742,17730,17749,17730,14.99363518
2017-12-15 12:53:00,17731,17726,17748,17705,18.35079066
2017-12-15 12:54:00,17725,17737,17737,17705,11.49180427
2017-12-15 12:55:00,17737,17763,17763,17736,35.08011983
2017-12-15 12:56:00,17771,17749,17776,17748,7.75568086
2017-12-15 12:57:00,17757,17740,17757,17737,4.95148973
2017-12-15 12:58:00,17738,17758,17759,17731,7.48685571
2017-12-15 12:59:00,17749,17742,17768,17738,5.68521512
2017-12-15 13:00:00,17752,17746,17766,17744,11.13752193
2017-12-15 13:01:00,17746,17737,17747,17719,9.32347015
2017-12-15 13:02:00,17737,17766,17772,17724,25.57728603
2017-12-15 13:03:00,17767,17765,17775,17748,14.48174177
2017-12-15 13:04:00,17771,17761,17771,17742,6.97126381
2017-12-15 13:05:00,17763,17757,17766,17746,10.27762926
2017-12-15 13:06:00,17756,17752,17759,17751,12.4395001
2017-12-15 13:07:00,17751,17744,17763,17740,30.64517832
2017-12-15 13:08:00,17743,17722,17744,17715.10952441,34.7313832
2017-12-15 13:09:00,17722,17734,17740,17716,3.92449088
2017-12-15 13:10:00,17735,17747,17747,17734,2.76071224
2017-12-15 13:11:00,17747,17742,17764.49781516,17741,9.20448069
2017-12-15 13:12:00,17742,17742,17750,17729,5.90190377
2017-12-15 13:13:00,17742,17724,17743,17713.93361273,14.22851484
2017-12-15 13:14:00,17717,17681,17720,17680,33.56722996
2017-12-15 13:15:00,17686,17623,17686,17623,92.60287293
2017-12-15 13:16:00,17623,17623,17635,17609,54.53361836
2017-12-15 13:17:00,17620,17600,17620,17576,89.83673709
2017-12-15 13:18:00,17599,17596,17609,17590,41.65214034
2017-12-15 13:19:00,17596,17569,17597,17569,35.50177728
2017-12-15 13:20:00,17569,17590,17590,17567,40.32117878
2017-12-15 13:21:00,17589,17564,17590,17564,64.2362328
2017-12-15 13:22:00,17565,17516,17565,17511,99.31647868
2017-12-15 13:23:00,17515,17554,17558,17510,41.67646787
2017-12-15 13:24:00,17558,17537,17559,17521,41.33390668
2017-12-15 13:25:00,17538,17527,17547,17517,20.92123771
2017-12-15 13:26:00,17520,17501,17529,17500,111.38342919
2017-12-15 13:27:00,17500,17431,17501,17409,531.23041611
2017-12-15 13:28:00,17432,17448,17453,17430,76.37125959
2017-12-15 13:29:00,17447,17468,17469,17435,83.5538397
2017-12-15 13:30:00,17468,17449,17484,17430,59.16944443
2017-12-15 13:31:00,17447,17392,17449,17375,226.44075952
2017-12-15 13:32:00,17380,17370,17399,17310,254.66047881
2017-12-15 13:33:00,17369,17440,17458,17366,80.72145903
2017-12-15 13:34:00,17440,17512,17514,17439,64.01262392
2017-12-15 13:35:00,17497,17543,17571,17489,87.31037178
2017-12-15 13:36:00,17542,17500,17548,17497,66.9363847
2017-12-15 13:37:00,17500,17528,17546.95415356,17499,96.60024324
2017-12-15 13:38:00,17528,17535,17546,17528,19.04450156
2017-12-15 13:39:00,17534,17458,17543,17458,57.25331988
2017-12-15 13:40:00,17476,17461,17492,17455,30.79401406
2017-12-15 13:41:00,17471,17463,17471,17461,19.26773942
2017-12-15 13:42:00,17463,17430,17464,17411,31.88028082
2017-12-15 13:43:00,17430,17416,17436,17371,98.49560737
2017-12-15 13:44:00,17417,17440,17440,17405,29.5884938
2017-12-15 13:45:00,17440,17491,17500,17439,30.30743151
2017-12-15 13:46:00,17496,17518,17526,17494,26.45092453
2017-12-15 13:47:00,17519,17540,17541,17515,13.33536096
2017-12-15 13:48:00,17541,17490,17541,17481,26.64276209
2017-12-15 13:49:00,17489,17478,17489,17464,14.82263503
2017-12-15 13:50:00,17477,17533,17534,17477,17.11576759
2017-12-15 13:51:00,17533,17499,17558,17493,25.2604968
2017-12-15 13:52:00,17492,17520,17546,17481,33.91254254
2017-12-15 13:53:00,17520,17532,17539,17519,11.822312
2017-12-15 13:54:00,17532,17555,17558,17532,14.94240183
2017-12-15 13:55:00,17557,17547,17558,17545,21.13701872
2017-12-15 13:56:00,17547,17549,17559,17545,7.33096141
2017-12-15 13:57:00,17550,17517,17551,17517,15.75994936
2017-12-15 13:58:00,17518,17537,17550,17518,7.8163514
2017-12-15 13:59:00,17548,17570,17572,17539,15.36057145
2017-12-15 14:00:00,17571,17565,17575,17565,9.31270479
2017-12-15 14:01:00,17566,17563,17573,17552,6.06321938
2017-12-15 14:02:00,17565,17565,17572,17552,4.51229136
2017-12-15 14:03:00,17566,17574,17575,17565,8.43011066
2017-12-15 14:04:00,17574,17577,17579,17574,11.44344202
2017-12-15 14:05:00,17576,17524,17577,17516,23.01729499
2017-12-15 14:06:00,17525,17502,17531,17500,25.06106469
2017-12-15 14:07:00,17509,17504,17513,17500,21.16068982
2017-12-15 14:08:00,17504,17515,17520,17500,21.11460367
2017-12-15 14:09:00,17515,17499,17519,17499,8.21915527
2017-12-15 14:10:00,17509,17508,17520,17499,17.25386214
2017-12-15 14:11:00,17508,17499,17509,17499,6.60074495
2017-12-15 14:12:00,17499,17479,17499,17448,32.57057562
2017-12-15 14:13:00,17480,17470,17480,17453,17.03364207
2017-12-15 14:14:00,17467,17417,17473,17416,56.18393765
2017-12-15 14:15:00,17418,17458,17458,17416,18.5123757
2017-12-15 14:16:00,17456,17476,17482,17456,10.58885823
2017-12-15 14:17:00,17475,17435,17475,17435,6.00070888
2017-12-15 14:18:00,17435,17285,17435,17111,729.54215587
2017-12-15 14:19:00,17285.14615045,17192,17300,17157,248.80607563
2017-12-15 14:20:00,17194,17234,17249,17128,92.77662431
2017-12-15 14:21:00,17228,17278,17284,17201,48.00580443
2017-12-15 14:22:00,17275,17261,17293,17250,29.70801809
2017-12-15 14:23:00,17260,17244,17265,17238,31.10222691
2017-12-15 14:24:00,17245,17281,17284,17245,44.07326646
2017-12-15 14:25:00,17282,17283,17301,17282,33.7612207
2017-12-15 14:26:00,17282,17271,17283,17253,23.87463034
2017-12-15 14:27:00,17271,17293,17298,17271,14.61750306
2017-12-15 14:28:00,17290,17316.87710952,17318,17288,18.49535112
2017-12-15 14:29:00,17309,17331,17335,17309,44.60139704
2017-12-15 14:30:00,17330,17370,17370,17330,27.86793192
2017-12-15 14:31:00,17370,17390,17399,17369,47.1157456
2017-12-15 14:32:00,17390,17401,17415,17389,16.86684271
2017-12-15 14:33:00,17400,17407,17409,17400,11.7724131
2017-12-15 14:34:00,17406,17410,17410,17406,10.50666311
2017-12-15 14:35:00,17409,17406,17410,17406,19.09422632
2017-12-15 14:36:00,17407,17407,17408,17368,40.11711517
2017-12-15 14:37:00,17408,17407,17409,17398,8.12137086
2017-12-15 14:38:00,17407,17358,17410,17358,20.83878907
2017-12-15 14:39:00,17369,17369,17370,17350,21.23663375
2017-12-15 14:40:00,17381,17386,17399,17373,7.51763738
2017-12-15 14:41:00,17386,17350,17390,17350,14.39264523
2017-12-15 14:42:00,17358,17376,17377,17350,14.1180851
2017-12-15 14:43:00,17375,17350,17386,17350,16.4403493
2017-12-15 14:44:00,17352,17360,17360,17335,16.74258386
2017-12-15 14:45:00,17360,17382,17400,17355,16.81114002
2017-12-15 14:46:00,17382,17385,17390.91601403,17364,9.84882586
2017-12-15 14:47:00,17385,17362,17396,17362,17.14665668
2017-12-15 14:48:00,17376,17395,17395,17362,10.87561891
2017-12-15 14:49:00,17394,17420,17450,17387,117.05154245
2017-12-15 14:50:00,17435,17431,17454,17424,26.71019019
2017-12-15 14:51:00,17437,17446,17464.95491853,17431,29.9247579
2017-12-15 14:52:00,17446,17467,17495,17446,46.85360552
2017-12-15 14:53:00,17466,17472,17480,17461,15.57900078
2017-12-15 14:54:00,17470,17491,17496,17469,23.30674011
2017-12-15 14:55:00,17491,17479,17492,17470,7.69263261
2017-12-15 14:56:00,17480,17488,17524.89117456,17472,40.48190681
2017-12-15 14:57:00,17492,17500,17507,17474,20.91132048
2017-12-15 14:58:00,17497,17520,17526,17497,15.62996488
2017-12-15 14:59:00,17520,17528,17531,17497,19.47605238
2017-12-15 15:00:00,17527,17540,17547,17524,22.8719612
2017-12-15 15:01:00,17540,17548,17550,17540,36.01711887
2017-12-15 15:02:00,17548,17566,17569,17527,47.96653387
2017-12-15 15:03:00,17560,17550,17569,17550,19.45367767
2017-12-15 15:04:00,17550,17589,17591,17550,38.12551623
2017-12-15 15:05:00,17588,17544,17590,17529,19.98755813
2017-12-15 15:06:00,17544,17487,17544,17486,29.8898735
2017-12-15 15:07:00,17491,17512,17514,17488,16.89020513
2017-12-15 15:08:00,17512,17520,17549,17512,14.48054267
2017-12-15 15:09:00,17520,17510,17520,17500,11.6506122
2017-12-15 15:10:00,17510,17494,17510,17473,14.35389544
2017-12-15 15:11:00,17494,17490,17542.51948516,17487,37.0416254
2017-12-15 15:12:00,17494,17515,17525,17491,22.00153083
2017-12-15 15:13:00,17527,17532,17532,17506,15.30204237
2017-12-15 15:14:00,17532,17561,17562,17531,24.04588455
2017-12-15 15:15:00,17558,17591,17591,17558,50.37247843
2017-12-15 15:16:00,17590,17647,17649,17590,82.92625659
2017-12-15 15:17:00,17647,17601,17653,17600,58.47625632
2017-12-15 15:18:00,17601,17625,17639,17600,8.32411397
2017-12-15 15:19:00,17624,17622,17638,17604,10.50773119
2017-12-15 15:20:00,17626,17608,17629,17603,18.10309308
2017-12-15 15:21:00,17609,17638,17650,17601,22.76571149
2017-12-15 15:22:00,17638,17632,17638,17602,12.03146773
2017-12-15 15:23:00,17632,17612,17650,17612,12.43904821
2017-12-15 15:24:00,17613,17578,17620,17578,25.63263134
2017-12-15 15:25:00,17580,17563,17580,17555,18.54947534
2017-12-15 15:26:00,17563,17579,17594,17562,5.25076498
2017-12-15 15:27:00,17578,17555,17579,17555,3.61443104
2017-12-15 15:28:00,17555,17550,17562,17541,6.19908589
2017-12-15 15:29:00,17550,17512,17572,17504,65.76042492
2017-12-15 15:30:00,17511,17479,17515,17465,72.08266669
2017-12-15 15:31:00,17505,17488,17505,17447,33.53062249
2017-12-15 15:32:00,17487,17504,17507,17487,7.97328851
2017-12-15 15:33:00,17515,17528,17534,17505,5.84395978
2017-12-15 15:34:00,17525,17504,17527,17500,17.0025226
2017-12-15 15:35:00,17504,17507,17519,17502,7.00566219
2017-12-15 15:36:00,17508,17503,17517,17489,18.3345184
2017-12-15 15:37:00,17502,17499,17516,17496,5.44171615
2017-12-15 15:38:00,17495,17451,17507,17451,42.84664217
2017-12-15 15:39:00,17451,17465,17500,17428,70.45906163
2017-12-15 15:40:00,17466,17462,17466,17458,8.35005411
2017-12-15 15:41:00,17462,17444,17463,17438,7.14590156
2017-12-15 15:42:00,17445,17396,17446,17396,47.43697935
2017-12-15 15:43:00,17400,17429,17434,17399,14.58736201
2017-12-15 15:44:00,17429,17411,17430,17406,9.4079863
2017-12-15 15:45:00,17416,17429,17431,17406,3.68813915
2017-12-15 15:46:00,17429,17457,17463,17429,19.73010262
2017-12-15 15:47:00,17451,17435,17452,17431,7.34681627
2017-12-15 15:48:00,17428,17434,17451,17418,18.67866836
2017-12-15 15:49:00,17434,17471,17474,17433,17.64835372
2017-12-15 15:50:00,17462,17477,17482,17460,14.13646646
2017-12-15 15:51:00,17478,17487.28411196,17500,17477,10.69050763
2017-12-15 15:52:00,17491,17480,17495,17463,17.12248454
2017-12-15 15:53:00,17486,17514,17516,17485,11.02788594
2017-12-15 15:54:00,17514,17517,17521,17514,9.44985606
2017-12-15 15:55:00,17521,17491,17533,17491,7.57998407
2017-12-15 15:56:00,17494,17503,17519,17474,12.62510599
2017-12-15 15:57:00,17504,17501,17530,17501,26.69271466
2017-12-15 15:58:00,17518,17539,17541,17502,10.79387703
2017-12-15 15:59:00,17539,17569,17569,17521,29.23680422
2017-12-15 16:00:00,17569,17527,17570,17521,27.62289515
2017-12-15 16:01:00,17523,17510,17528,17491,13.34436698
2017-12-15 16:02:00,17510,17511,17535,17476,46.84050898
2017-12-15 16:03:00,17492,17479.05756701,17504,17460,15.02838454
2017-12-15 16:04:00,17479,17450,17480,17450,15.95663676
2017-12-15 16:05:00,17450,17440,17452,17440,22.91531881
2017-12-15 16:06:00,17446,17447,17471,17439,19.63380936
2017-12-15 16:07:00,17442,17439,17442,17415,25.0132317
2017-12-15 16:08:00,17438,17447,17458,17438,10.00537019
2017-12-15 16:09:00,17447.32660794,17470,17480,17446,12.62405822
2017-12-15 16:10:00,17469,17489,17498,17469,13.05259694
2017-12-15 16:11:00,17498,17507,17508,17487,33.26807555
2017-12-15 16:12:00,17507,17510,17510,17507,12.42431515
2017-12-15 16:13:00,17509,17500,17537,17500,16.1221001
2017-12-15 16:14:00,17500,17501,17507,17500,10.56952419
2017-12-15 16:15:00,17502,17500,17502,17500,9.6351884
2017-12-15 16:16:00,17500,17521,17531,17500,8.702884
2017-12-15 16:17:00,17521,17526,17528,17500,15.28127749
2017-12-15 16:18:00,17522,17533,17541,17508,21.36216842
2017-12-15 16:19:00,17533,17550,17553,17531,56.05250286
2017-12-15 16:20:00,17550,17550,17572,17550,9.572138
2017-12-15 16:21:00,17550,17551,17559,17550,9.41135967
2017-12-15 16:22:00,17551,17542,17554,17519,12.81482467
2017-12-15 16:23:00,17528,17552,17556,17527,17.51748798
2017-12-15 16:24:00,17551,17491,17556,17489,21.61710942
2017-12-15 16:25:00,17491,17510,17537,17491,23.1008544
2017-12-15 16:26:00,17511,17493,17523,17490,15.6075394
2017-12-15 16:27:00,17496,17515,17529,17496,18.92560418
2017-12-15 16:28:00,17515,17521,17524,17490,11.45686438
2017-12-15 16:29:00,17524,17523,17529,17505,12.19679224
2017-12-15 16:30:00,17526,17516,17538,17512,21.33437525
2017-12-15 16:31:00,17517,17526,17543,17511,12.37044766
2017-12-15 16:32:00,17522,17530,17530,17516,45.85964436
2017-12-15 16:33:00,17527,17530,17530,17516,19.96262139
2017-12-15 16:34:00,17530,17527,17530,17515,12.92975689
2017-12-15 16:35:00,17527,17529,17530,17527,4.4735687
2017-12-15 16:36:00,17530,17518,17530,17516,18.89591611
2017-12-15 16:37:00,17519,17541,17556,17519,20.79082476
2017-12-15 16:38:00,17540,17570,17578,17535,26.73167929
2017-12-15 16:39:00,17576,17597,17600,17570,35.89765236
2017-12-15 16:40:00,17598,17594,17600,17583,36.77772768
2017-12-15 16:41:00,17595.40441695,17599,17600,17586,10.7584081
2017-12-15 16:42:00,17599,17610,17616,17599,15.87185555
2017-12-15 16:43:00,17611,17601,17611,17601,8.63332889
2017-12-15 16:44:00,17601,17607,17607,17601,3.70557821
2017-12-15 16:45:00,17607,17612,17616,17606,12.65709551
2017-12-15 16:46:00,17613,17607,17613,17596,17.88330764
2017-12-15 16:47:00,17607,17619,17625,17589,24.06895785
2017-12-15 16:48:00,17619,17624,17625,17619,4.95741633
2017-12-15 16:49:00,17625,17611,17625,17604,19.86123185
2017-12-15 16:50:00,17608,17610,17617,17604,9.76769427
2017-12-15 16:51:00,17615,17615,17617,17604,4.65667308
2017-12-15 16:52:00,17615,17604,17618,17604,7.06408322
2017-12-15 16:53:00,17617,17614,17619,17604,3.87602307
2017-12-15 16:54:00,17613,17609,17625,17596,16.9715845
2017-12-15 16:55:00,17610,17602,17624,17587,40.88000175
2017-12-15 16:56:00,17602,17596,17617,17589,7.63427164
2017-12-15 16:57:00,17591,17582,17607,17581,14.60977477
2017-12-15 16:58:00,17587,17549,17587,17544,7.11654847
2017-12-15 16:59:00,17550,17542,17550,17518,18.86262553
2017-12-15 17:00:00,17543,17521,17560,17517,17.73806871
2017-12-15 17:01:00,17521,17524,17542,17515,28.56237097
2017-12-15 17:02:00,17518,17537,17549,17516,12.16939715
2017-12-15 17:03:00,17542,17546,17550,17534,8.18274639
2017-12-15 17:04:00,17546,17523,17547,17516,7.30438823
2017-12-15 17:05:00,17522,17517,17542,17516,10.60729433
2017-12-15 17:06:00,17517,17524,17536,17516,6.51678976
2017-12-15 17:07:00,17525,17521,17529,17521,9.96463966
2017-12-15 17:08:00,17521,17519,17521,17495,48.0966957
2017-12-15 17:09:00,17519,17521,17548,17519,9.76755114
2017-12-15 17:10:00,17520,17490,17520,17489,21.67581423
2017-12-15 17:11:00,17490,17523,17527,17489,30.38567108
2017-12-15 17:12:00,17522,17530,17533,17504,10.97068607
2017-12-15 17:13:00,17530,17533,17548,17523,17.30985428
2017-12-15 17:14:00,17533,17527,17541,17526,7.39525987
2017-12-15 17:15:00,17529,17542,17553,17528,8.10323355
2017-12-15 17:16:00,17546,17540,17560,17539,16.87895274
2017-12-15 17:17:00,17539,17556,17570,17522,23.26015245
2017-12-15 17:18:00,17550,17543,17570,17542,10.43823211
2017-12-15 17:19:00,17545,17545,17551,17530,7.19082736
2017-12-15 17:20:00,17541,17532,17542,17510,8.03878576
2017-12-15 17:21:00,17532,17523,17533,17521,9.22886389
2017-12-15 17:22:00,17524,17519,17530,17512,21.29383185
2017-12-15 17:23:00,17519,17521,17524,17510,12.83860118
2017-12-15 17:24:00,17521,17520,17530,17520,22.10208136
2017-12-15 17:25:00,17520,17527,17530,17519,9.63692636
2017-12-15 17:26:00,17527,17529,17530,17527,12.88373245
2017-12-15 17:27:00,17529,17529,17530,17522,6.45272778
2017-12-15 17:28:00,17529,17529,17530,17529,8.79540466
2017-12-15 17:29:00,17530,17530,17530,17529,9.50709804
2017-12-15 17:30:00,17530,17528,17535,17522,7.57153188
2017-12-15 17:31:00,17528,17488,17528,17485,63.05276275
2017-12-15 17:32:00,17489,17508,17516,17484,8.59400669
2017-12-15 17:33:00,17508,17503,17536,17498,17.20741655
2017-12-15 17:34:00,17502,17502,17504,17486,10.14912737
2017-12-15 17:35:00,17498,17485,17507,17484,14.28437614
2017-12-15 17:36:00,17484,17484,17510,17484,22.13543589
2017-12-15 17:37:00,17484,17482,17491,17480,11.14203176
2017-12-15 17:38:00,17483,17482,17490,17480,9.16255365
2017-12-15 17:39:00,17482,17469,17482,17468,21.43262307
2017-12-15 17:40:00,17468,17455,17469,17455,15.01938971
2017-12-15 17:41:00,17455,17456,17463,17455,11.2798652
2017-12-15 17:42:00,17455,17450,17456,17436,19.48381413
2017-12-15 17:43:00,17450,17431,17451,17420,24.81075089
2017-12-15 17:44:00,17432,17435,17435,17420,23.71528672
2017-12-15 17:45:00,17434,17429,17435,17420,12.92279059
2017-12-15 17:46:00,17429,17420,17455,17419,57.1821893
2017-12-15 17:47:00,17420,17420,17420,17419,16.65086943
2017-12-15 17:48:00,17420,17459,17459,17419,25.94738357
2017-12-15 17:49:00,17460,17478,17479,17459,36.24407052
2017-12-15 17:50:00,17477,17500,17513,17475,21.10007297
2017-12-15 17:51:00,17499,17508,17512,17496,28.04935554
2017-12-15 17:52:00,17509,17492,17509,17491,7.50642235
2017-12-15 17:53:00,17491,17481,17504,17479,5.24475341
2017-12-15 17:54:00,17481,17477,17498,17457,7.27585764
2017-12-15 17:55:00,17479,17486,17498,17475,6.35435545
2017-12-15 17:56:00,17485,17470,17497,17470,8.39665068
2017-12-15 17:57:00,17470,17460,17491,17454,10.26337981
2017-12-15 17:58:00,17460,17453,17481,17452,9.47271529
2017-12-15 17:59:00,17452,17431,17452,17431,7.38524432
2017-12-15 18:00:00,17448,17440,17451,17433,14.89584908
2017-12-15 18:01:00,17440,17424,17440,17424,14.70446572
2017-12-15 18:02:00,17430,17438,17440,17429,7.66061353
2017-12-15 18:03:00,17439,17477,17478,17439,13.41642702
2017-12-15 18:04:00,17477,17469,17480,17444,12.33943691
2017-12-15 18:05:00,17479,17479,17480,17470,6.34609236
2017-12-15 18:06:00,17478,17478,17480,17474.35668419,9.40250911
2017-12-15 18:07:00,17479,17485,17485,17478,22.73545611
2017-12-15 18:08:00,17485,17484,17485,17484,11.79993431
2017-12-15 18:09:00,17485,17485,17485,17484,9.29864447
2017-12-15 18:10:00,17484,17484,17485,17484,5.54727664
2017-12-15 18:11:00,17484,17485,17485,17484,7.95584278
2017-12-15 18:12:00,17485,17485,17485,17484,4.63115346
2017-12-15 18:13:00,17484,17485,17485,17484,7.62335063
2017-12-15 18:14:00,17484,17492,17495,17484,7.71568897
2017-12-15 18:15:00,17493,17505,17507,17488,5.05733916
2017-12-15 18:16:00,17497,17505,17506,17497,7.13212102
2017-12-15 18:17:00,17508,17503,17508,17499,5.33223347
2017-12-15 18:18:00,17503,17511,17513,17503,9.14462895
2017-12-15 18:19:00,17511,17516,17518,17511,7.34918267
2017-12-15 18:20:00,17516,17510,17517,17500,8.15674987
2017-12-15 18:21:00,17510,17500,17516,17500,8.2413529
2017-12-15 18:22:00,17501,17507,17509,17500,5.55529087
2017-12-15 18:23:00,17502,17500,17513,17492,7.45908444
2017-12-15 18:24:00,17500,17492,17500,17492,15.25568172
2017-12-15 18:25:00,17494,17492,17498,17492,15.86247866
2017-12-15 18:26:00,17493,17491,17499,17484,17.4480444
2017-12-15 18:27:00,17497,17491,17499,17484,11.22686954
2017-12-15 18:28:00,17498,17498,17499,17485,6.91618693
2017-12-15 18:29:00,17491,17481,17499,17480,6.57930979
2017-12-15 18:30:00,17480,17460,17499,17460,45.47577502
2017-12-15 18:31:00,17458,17453,17480,17451,22.4053345
2017-12-15 18:32:00,17452,17473,17480,17443,7.58647061
2017-12-15 18:33:00,17471,17446,17479,17445,7.64309234
2017-12-15 18:34:00,17462,17440,17463,17439,5.01223703
2017-12-15 18:35:00,17439,17449,17450,17436,14.1500533
2017-12-15 18:36:00,17449,17442,17450,17440,10.40522576
2017-12-15 18:37:00,17442,17435,17444,17435,22.74853795
2017-12-15 18:38:00,17435,17443,17444,17435,7.4725535
2017-12-15 18:39:00,17434,17425,17441,17425,12.65968962
2017-12-15 18:40:00,17425,17417,17443,17415,21.89786353
2017-12-15 18:41:00,17415,17418,17424,17415,11.03373475
2017-12-15 18:42:00,17418,17418,17424,17412,19.58279315
2017-12-15 18:43:00,17418,17416,17424,17416,14.63943674
2017-12-15 18:44:00,17416,17421,17424,17413,10.48733713
2017-12-15 18:45:00,17415,17417,17425,17411,14.400073
2017-12-15 18:46:00,17419,17420,17439,17417,16.28242166
2017-12-15 18:47:00,17417,17419,17420,17417,18.04933695
2017-12-15 18:48:00,17418,17412,17419,17411,9.75401427
2017-12-15 18:49:00,17411,17400,17415,17400,34.02190868
2017-12-15 18:50:00,17401,17363,17417,17363,44.69737495
2017-12-15 18:51:00,17370,17359,17370,17355,27.16231415
2017-12-15 18:52:00,17360,17364,17370,17358,26.56219908
2017-12-15 18:53:00,17364,17364,17368,17349,19.44108476
2017-12-15 18:54:00,17364,17366,17370,17331,21.40525898
2017-12-15 18:55:00,17351,17332,17369,17330,27.97406963
2017-12-15 18:56:00,17330,17348,17349,17318,34.10340331
2017-12-15 18:57:00,17348,17337,17349,17333,11.91720093
2017-12-15 18:58:00,17337,17349,17349,17337,91.86464719
2017-12-15 18:59:00,17349,17370,17370,17348,15.90176464
2017-12-15 19:00:00,17369,17200,17370,17200,252.62034729
2017-12-15 19:01:00,17200,17276,17302,17050,555.62471759
2017-12-15 19:02:00,17276,17457,17540,17243,668.6258602
2017-12-15 19:03:00,17457,17362,17464,17352,55.00982805
2017-12-15 19:04:00,17361,17364,17383,17351,14.9963884
2017-12-15 19:05:00,17362,17354,17364,17351,15.58354498
2017-12-15 19:06:00,17352,17319,17357,17311,17.57652575
2017-12-15 19:07:00,17318,17335,17342,17314,15.22555084
2017-12-15 19:08:00,17342,17317,17361,17304,22.32511398
2017-12-15 19:09:00,17318,17335,17347,17318,21.26394503
2017-12-15 19:10:00,17334,17334,17335,17302,15.40487163
2017-12-15 19:11:00,17334,17347,17348,17334,22.11386898
2017-12-15 19:12:00,17346.25762718,17360,17363,17346.25762718,31.09826978
2017-12-15 19:13:00,17361,17408,17446,17359.18505495,75.42143989
2017-12-15 19:14:00,17414,17398,17414,17397,17.80682385
2017-12-15 19:15:00,17398,17397,17398,17397,10.64620761
2017-12-15 19:16:00,17396.79211756,17407,17408,17396.79211756,20.01699357
2017-12-15 19:17:00,17407,17408,17416,17398,7.52394877
2017-12-15 19:18:00,17408,17408,17410,17407,13.270084
2017-12-15 19:19:00,17409,17413,17413,17407.36910392,20.35350114
2017-12-15 19:20:00,17413,17417,17448,17412,6.09271635
2017-12-15 19:21:00,17417,17415,17424,17415,16.97299601
2017-12-15 19:22:00,17417,17417,17417.94609028,17414,6.93171404
2017-12-15 19:23:00,17416,17410,17416,17410,12.49235037
2017-12-15 19:24:00,17410,17401,17410,17396,26.12375975
2017-12-15 19:25:00,17401,17404,17410,17399,12.77126633
2017-12-15 19:26:00,17404,17410,17410,17401,11.96714741
2017-12-15 19:27:00,17409,17428.52307663,17429.69829734,17407,9.71345009
2017-12-15 19:28:00,17420,17399,17428,17350,86.6630388
2017-12-15 19:29:00,17395,17406,17407,17391,12.45231941
2017-12-15 19:30:00,17406,17397,17407,17361,18.21435601
2017-12-15 19:31:00,17393,17396,17408,17393,13.85132133
2017-12-15 19:32:00,17395,17397,17398,17394,4.49262247
2017-12-15 19:33:00,17397,17385,17397,17354,23.34304147
2017-12-15 19:34:00,17385,17382,17398,17380,12.27388934
2017-12-15 19:35:00,17383,17372,17390,17359,27.79931474
2017-12-15 19:36:00,17372,17339,17372,17339,14.20257451
2017-12-15 19:37:00,17339,17340,17345,17335,13.93147792
2017-12-15 19:38:00,17338,17335,17350,17299,22.50474889
2017-12-15 19:39:00,17347,17367,17374,17320,12.50015248
2017-12-15 19:40:00,17365,17351,17366,17350,4.71003498
2017-12-15 19:41:00,17351,17330,17351,17321,8.42633048
2017-12-15 19:42:00,17323,17331,17343,17318,15.45180616
2017-12-15 19:43:00,17331,17324,17349,17290,28.04227007
2017-12-15 19:44:00,17321,17292,17321,17255,26.14537969
2017-12-15 19:45:00,17292,17296,17304,17260,14.36357013
2017-12-15 19:46:00,17293,17280,17294,17251,22.28899846
2017-12-15 19:47:00,17280,17281,17294,17253,13.76416237
2017-12-15 19:48:00,17282,17282,17300,17274,22.42018684
2017-12-15 19:49:00,17281,17282,17282,17281,9.86512054
2017-12-15 19:50:00,17282,17282,17282,17275,13.98753609
2017-12-15 19:51:00,17282,17282,17282,17281,4.77514214
2017-12-15 19:52:00,17282,17282,17282,17280,10.52740081
2017-12-15 19:53:00,17282,17259,17282,17250,16.30523569
2017-12-15 19:54:00,17258,17256,17274,17242,7.00677115
2017-12-15 19:55:00,17260,17264,17285,17244,10.14130541
2017-12-15 19:56:00,17275,17279,17298,17265,15.63832268
2017-12-15 19:57:00,17279,17300,17300,17267,29.75240481
2017-12-15 19:58:00,17300,17298,17300,17285,10.60174911
2017-12-15 19:59:00,17294,17308,17308,17290,9.53191309
2017-12-15 20:00:00,17308,17315,17317,17300,30.36539425
2017-12-15 20:01:00,17315,17317,17331,17315,20.72349867
2017-12-15 20:02:00,17321,17330,17330,17306,13.40103657
2017-12-15 20:03:00,17324,17343,17346,17322,14.02929002
2017-12-15 20:04:00,17343,17338,17349,17323,17.93101548
2017-12-15 20:05:00,17338,17345,17353,17338,15.00484934
2017-12-15 20:06:00,17345,17355,17355,17343,11.69336738
2017-12-15 20:07:00,17354,17352,17355,17350,9.62038777
2017-12-15 20:08:00,17354,17357,17368,17354,5.28433159
2017-12-15 20:09:00,17356,17372,17392,17356,14.92215285
2017-12-15 20:10:00,17370,17388,17410,17370,43.71105689
2017-12-15 20:11:00,17387,17408,17410,17382,12.12919082
2017-12-15 20:12:00,17409,17400,17410,17395,15.02070836
2017-12-15 20:13:00,17400,17407,17410,17395,11.83111731
2017-12-15 20:14:00,17406,17405,17410,17400,8.72353073
2017-12-15 20:15:00,17410,17400,17410,17395,11.04849449
2017-12-15 20:16:00,17397,17409,17409,17397,4.39934577
2017-12-15 20:17:00,17409,17408,17410,17395,12.6285948
2017-12-15 20:18:00,17406,17400,17407,17395,2.72047574
2017-12-15 20:19:00,17398,17396,17403,17395,12.70350441
2017-12-15 20:20:00,17395,17413,17420,17391,10.72631722
2017-12-15 20:21:00,17411,17429,17429,17411,6.19142383
2017-12-15 20:22:00,17425,17439,17449,17418,11.94784734
2017-12-15 20:23:00,17446,17450,17450,17436,9.18164456
2017-12-15 20:24:00,17450,17459,17460,17450,8.14698467
2017-12-15 20:25:00,17460,17503,17545,17459,60.53387266
2017-12-15 20:26:00,17501,17501,17522,17485,17.36910921
2017-12-15 20:27:00,17501,17514,17523,17500,15.16520856
2017-12-15 20:28:00,17515,17514,17517,17500,22.45236118
2017-12-15 20:29:00,17514,17530,17530,17514,14.47070265
2017-12-15 20:30:00,17529,17531,17537.81860233,17529,15.82332511
2017-12-15 20:31:00,17531,17502,17531,17500,25.68543967
2017-12-15 20:32:00,17501,17496,17511.96374679,17461,19.48898582
2017-12-15 20:33:00,17497,17500,17512,17472,5.31311058
2017-12-15 20:34:00,17500,17509,17511,17486,6.62753753
2017-12-15 20:35:00,17501,17500,17503,17500,8.48566438
2017-12-15 20:36:00,17500,17492,17501,17477,7.81099659
2017-12-15 20:37:00,17490,17473,17490,17462,3.46552743
2017-12-15 20:38:00,17467,17470,17480,17461,4.19238117
2017-12-15 20:39:00,17470,17460,17480,17460,7.57165167
2017-12-15 20:40:00,17462,17462,17480,17431,13.86434163
2017-12-15 20:41:00,17461,17460,17486.10889125,17437,10.18140609
2017-12-15 20:42:00,17460,17444,17461,17435,5.2341724
2017-12-15 20:43:00,17448,17462.60447712,17483,17448,12.10964816
2017-12-15 20:44:00,17462.60447712,17463,17484,17459,14.45794165
2017-12-15 20:45:00,17463,17459,17475.53190489,17459,5.22839678
2017-12-15 20:46:00,17460,17466,17466,17459,6.00584629
2017-12-15 20:47:00,17465,17431,17466,17431,54.53442072
2017-12-15 20:48:00,17442,17442,17449,17421,6.36654361
2017-12-15 20:49:00,17441,17448,17465,17425,11.33202173
2017-12-15 20:50:00,17448,17447,17462,17433,6.35761749
2017-12-15 20:51:00,17446,17451,17459,17437,4.72430003
2017-12-15 20:52:00,17446,17437,17446.15138723,17424,11.32633921
2017-12-15 20:53:00,17436,17446,17446,17410,6.50959925
2017-12-15 20:54:00,17447,17477,17479,17446,17.69863381
2017-12-15 20:55:00,17475,17501,17507,17475,53.40386939
2017-12-15 20:56:00,17502,17501,17502,17501,5.70850976
2017-12-15 20:57:00,17501,17481,17506,17475,9.26720678
2017-12-15 20:58:00,17496,17475,17496,17475,4.79113606
2017-12-15 20:59:00,17494,17481,17499,17477,3.36217122
2017-12-15 21:00:00,17482,17504,17505,17469,15.21189784
2017-12-15 21:01:00,17504,17503,17507,17501,4.94043083
2017-12-15 21:02:00,17504,17502,17514,17502,5.27574183
2017-12-15 21:03:00,17503,17501,17511,17501,3.93297007
2017-12-15 21:04:00,17502,17508,17515,17491,6.4196403
2017-12-15 21:05:00,17503,17522,17526,17499.03631902,4.25918164
2017-12-15 21:06:00,17523,17535,17535,17517,3.84845191
2017-12-15 21:07:00,17535,17545,17546,17531,8.59384357
2017-12-15 21:08:00,17545,17542,17550,17541,16.30335835
2017-12-15 21:09:00,17542,17539,17544,17539,4.25975448
2017-12-15 21:10:00,17539,17531,17545,17531,8.16655365
2017-12-15 21:11:00,17531,17531,17537,17531,2.54690634
2017-12-15 21:12:00,17531,17508,17532,17495,5.53037635
2017-12-15 21:13:00,17508,17525,17525,17508,2.12638574
2017-12-15 21:14:00,17524,17577,17586,17524,53.35306901
2017-12-15 21:15:00,17579,17560,17585,17531,40.70798245
2017-12-15 21:16:00,17559,17560,17561,17558,14.26637883
2017-12-15 21:17:00,17561,17545,17561,17540,11.91306089
2017-12-15 21:18:00,17544,17518,17545,17518,16.03088945
2017-12-15 21:19:00,17519,17505,17527,17504,5.98986851
2017-12-15 21:20:00,17514,17528,17537,17510,6.60836753
2017-12-15 21:21:00,17529,17515,17529,17508,7.87704234
2017-12-15 21:22:00,17517,17515,17527.24161598,17508,5.76167578
2017-12-15 21:23:00,17516,17506,17522,17502,7.74887568
2017-12-15 21:24:00,17519,17501,17522,17501,4.09015021
2017-12-15 21:25:00,17501,17500,17501,17485,2.73078282
2017-12-15 21:26:00,17496,17500,17507,17496,3.44740323
2017-12-15 21:27:00,17500,17506,17507,17499,4.10785111
2017-12-15 21:28:00,17504,17525,17553,17500,25.92185148
2017-12-15 21:29:00,17524,17518,17608,17516,62.4248627
2017-12-15 21:30:00,17518,17512,17521,17480,31.81314999
2017-12-15 21:31:00,17513,17514,17521,17503,9.18214809
2017-12-15 21:32:00,17514,17521,17522,17508,1.3382008
2017-12-15 21:33:00,17521,17512,17522,17508,2.62514037
2017-12-15 21:34:00,17513,17513,17513,17512,0.83355608
2017-12-15 21:35:00,17513,17512,17513,17512,2.99480379
2017-12-15 21:36:00,17511,17513,17513,17511,2.03649437
2017-12-15 21:37:00,17513,17513,17513,17512,1.39562985
2017-12-15 21:38:00,17512,17513,17513,17512,4.09950918
2017-12-15 21:39:00,17513,17511,17513,17511,2.55111781
2017-12-15 21:40:00,17512,17510,17530,17500,10.98871692
2017-12-15 21:41:00,17509,17526,17529,17509,4.30620942
2017-12-15 21:42:00,17527,17527,17533,17515,12.21156552
2017-12-15 21:43:00,17530,17518,17538,17511,3.75946274
2017-12-15 21:44:00,17525,17512,17532,17512,3.58777535
2017-12-15 21:45:00,17511,17500,17523,17500,6.87403839
2017-12-15 21:46:00,17505,17502,17519,17500,5.30648915
2017-12-15 21:47:00,17505,17514,17519,17500,3.52224393
2017-12-15 21:48:00,17505,17496,17514,17495,6.37060196
2017-12-15 21:49:00,17495,17488,17499,17480,13.39882661
2017-12-15 21:50:00,17487,17499,17499,17484,1.98649685
2017-12-15 21:51:00,17499,17532,17537,17498,6.75967282
2017-12-15 21:52:00,17533,17516,17537,17513,4.55665961
2017-12-15 21:53:00,17515,17528,17534,17503,4.88387269
2017-12-15 21:54:00,17524,17525,17526,17524,1.70567756
2017-12-15 21:55:00,17526,17522,17526,17511,4.80694668
2017-12-15 21:56:00,17522,17521,17529,17515,8.26556784
2017-12-15 21:57:00,17520,17518,17530,17510,10.88602058
2017-12-15 21:58:00,17520,17526,17532,17505,7.51032125
2017-12-15 21:59:00,17527,17522,17535,17522,12.76251107
2017-12-15 22:00:00,17522,17525,17533,17522,11.97390239
2017-12-15 22:01:00,17524,17531,17532,17524,1.93674991
2017-12-15 22:02:00,17531,17533,17533,17531,4.01898826
2017-12-15 22:03:00,17533,17548,17548,17533,5.95876678
2017-12-15 22:04:00,17549,17534,17557,17534,29.56545344
2017-12-15 22:05:00,17532,17548,17556,17529,34.11926057
2017-12-15 22:06:00,17546,17539,17551,17531,17.56504485
2017-12-15 22:07:00,17539,17550,17550,17538,21.39500442
2017-12-15 22:08:00,17550,17542,17553,17531,15.38139132
2017-12-15 22:09:00,17543,17542,17560,17539,12.1447666
2017-12-15 22:10:00,17542,17547,17560,17540,8.5218835
2017-12-15 22:11:00,17545,17550,17550,17545,3.78361956
2017-12-15 22:12:00,17549,17559,17560,17549,4.15099725
2017-12-15 22:13:00,17557,17566,17567,17557,3.86131739
2017-12-15 22:14:00,17566,17570,17570,17566,5.24526638
2017-12-15 22:15:00,17571,17595,17600,17571,17.64272542
2017-12-15 22:16:00,17596,17621,17623,17595,27.229512
2017-12-15 22:17:00,17620,17624,17625,17613,16.64937406
2017-12-15 22:18:00,17624,17628.31059673,17628.31059673,17624,20.74010506
2017-12-15 22:19:00,17628.31059673,17626,17628.31059673,17611,15.25441352
2017-12-15 22:20:00,17626,17614,17628,17611,11.49164823
2017-12-15 22:21:00,17616,17643,17650,17611,63.90992845
2017-12-15 22:22:00,17644,17639,17650,17634,7.56614029
2017-12-15 22:23:00,17639,17641,17645,17626,10.1130697
2017-12-15 22:24:00,17640,17631,17645,17620,14.71432652
2017-12-15 22:25:00,17631,17636,17640,17631,12.08552243
2017-12-15 22:26:00,17639,17644,17644,17639,8.74313814
2017-12-15 22:27:00,17644,17634,17645,17632,4.39893927
2017-12-15 22:28:00,17633,17637,17638,17633,9.373378
2017-12-15 22:29:00,17638,17637,17638,17635,10.66671653
2017-12-15 22:30:00,17637,17640,17642,17637,6.08573972
2017-12-15 22:31:00,17640,17634,17642,17634,15.96840863
2017-12-15 22:32:00,17635,17642,17642,17634,9.17499052
2017-12-15 22:33:00,17636,17643,17645,17635,17.61011676
2017-12-15 22:34:00,17643,17641,17644,17640,13.36337023
2017-12-15 22:35:00,17640,17636,17643,17635,8.12614297
2017-12-15 22:36:00,17638,17638,17645,17638,25.16308552
2017-12-15 22:37:00,17637,17629,17638,17623,15.24472427
2017-12-15 22:38:00,17627,17635,17639,17622,7.30784835
2017-12-15 22:39:00,17636,17676,17680,17621,84.62502333
2017-12-15 22:40:00,17661,17678,17680.02030781,17661,26.41662197
2017-12-15 22:41:00,17680.02030781,17680,17680.02030781,17677,17.98672533
2017-12-15 22:42:00,17680.02030781,17684,17685,17680,20.65204628
2017-12-15 22:43:00,17684,17696,17696,17684,11.44148029
2017-12-15 22:44:00,17696,17700,17700,17695,49.92579963
2017-12-15 22:45:00,17700,17700,17700,17699,19.27656868
2017-12-15 22:46:00,17700,17700,17700,17699,23.07770049
2017-12-15 22:47:00,17699,17700,17700,17699,37.97724062
2017-12-15 22:48:00,17700,17700,17700,17699,49.26039966
2017-12-15 22:49:00,17699,17689,17700,17689,32.4453762
2017-12-15 22:50:00,17690,17649,17690,17626,89.73303261
2017-12-15 22:51:00,17648,17647,17649,17634,22.33995099
2017-12-15 22:52:00,17648,17648,17669,17647,22.3112909
2017-12-15 22:53:00,17645,17645,17645,17640,17.12462248
2017-12-15 22:54:00,17645,17635,17645,17634,23.09334095
2017-12-15 22:55:00,17637,17644,17645,17625,67.57255006
2017-12-15 22:56:00,17644,17674,17680,17644,25.03465943
2017-12-15 22:57:00,17674,17683,17687,17673,14.67010097
2017-12-15 22:58:00,17683,17696,17699,17683,56.4386387
2017-12-15 22:59:00,17696,17700,17700,17694,46.23980486
2017-12-15 23:00:00,17700,17700,17700,17699,16.0692737
2017-12-15 23:01:00,17700,17700,17700,17699,44.76873852
2017-12-15 23:02:00,17699,17700,17700,17699,6.93393144
2017-12-15 23:03:00,17700,17699,17700,17699,19.28883833
2017-12-15 23:04:00,17699,17700,17700,17699,5.58764887
2017-12-15 23:05:00,17700,17704,17705.87516336,17699,13.91434
2017-12-15 23:06:00,17703,17704,17704,17703,5.35291744
2017-12-15 23:07:00,17704,17704,17704,17703,4.12164719
2017-12-15 23:08:00,17704,17705,17705.87516336,17703,22.51972389
2017-12-15 23:09:00,17705.87516336,17705.87516336,17705.87516336,17705,5.02883057
2017-12-15 23:10:00,17705.87516336,17710,17711,17705,18.99143823
2017-12-15 23:11:00,17711,17731,17731.7300189,17711,16.24157153
2017-12-15 23:12:00,17730,17731,17731,17730,9.99886436
2017-12-15 23:13:00,17731,17731,17731.7300189,17731,10.74173266
2017-12-15 23:14:00,17731.7300189,17731.7300189,17731.7300189,17731,9.49129378
2017-12-15 23:15:00,17731.7300189,17745,17747,17731,24.93168108
2017-12-15 23:16:00,17747,17748,17749,17745,12.05690482
2017-12-15 23:17:00,17748,17750,17750,17748,18.58826567
2017-12-15 23:18:00,17749,17765,17766,17749,42.97852764
2017-12-15 23:19:00,17766,17783,17784,17765,25.72084614
2017-12-15 23:20:00,17784.61495069,17784,17784.61495069,17782,12.05369007
2017-12-15 23:21:00,17783,17784,17788,17783,40.93967955
2017-12-15 23:22:00,17783,17787,17787,17783,20.97772268
2017-12-15 23:23:00,17786,17800,17800,17786,86.56496505
2017-12-15 23:24:00,17799,17810,17810.46980623,17799,159.34508229
2017-12-15 23:25:00,17810.46980623,17836,17836.32466177,17810,36.95481408
2017-12-15 23:26:00,17836.32466177,17848,17850,17836,54.81359571
2017-12-15 23:27:00,17848,17849,17850,17848,49.20664412
2017-12-15 23:28:00,17849,17862,17863.35473802,17848,40.54074117
2017-12-15 23:29:00,17862,17863.35473802,17863.35473802,17862,21.73807556
2017-12-15 23:30:00,17863.35473802,17882,17885,17863,52.63408915
2017-12-15 23:31:00,17883,17886,17887,17882,20.18457002
2017-12-15 23:32:00,17885,17884,17886,17883,30.25432744
2017-12-15 23:33:00,17883,17872,17900,17850,83.62993433
2017-12-15 23:34:00,17872,17830,17881,17806,50.20041779
2017-12-15 23:35:00,17858,17820,17859,17779,53.56009405
2017-12-15 23:36:00,17819,17847,17850,17819,35.65909118
2017-12-15 23:37:00,17844,17840,17849,17839,17.65751828
2017-12-15 23:38:00,17839,17800,17839,17800,21.07288744
2017-12-15 23:39:00,17803,17761,17803,17760,41.94166265
2017-12-15 23:40:00,17761,17762,17810,17730,84.63721197
2017-12-15 23:41:00,17761,17780,17796,17757,17.02265976
2017-12-15 23:42:00,17781,17794,17798,17752,23.76573257
2017-12-15 23:43:00,17797,17820,17824.57245471,17791,26.70098501
2017-12-15 23:44:00,17817,17824,17830,17814,11.86987298
2017-12-15 23:45:00,17825,17828,17830,17824,21.43987546
2017-12-15 23:46:00,17829,17824,17829,17824,4.61017508
2017-12-15 23:47:00,17824,17793,17824,17754,44.52402504
2017-12-15 23:48:00,17794,17760,17800,17760,18.69766776
2017-12-15 23:49:00,17776,17800,17827,17775,31.96582607
2017-12-15 23:50:00,17804,17778,17818,17778,7.20655102
2017-12-15 23:51:00,17780,17779,17800,17775,8.53071074
2017-12-15 23:52:00,17777,17781,17789,17774,8.54184722
2017-12-15 23:53:00,17782,17782,17799,17769,17.71105289
2017-12-15 23:54:00,17789,17786,17799,17770,7.27040165
2017-12-15 23:55:00,17784,17794,17799,17784,5.78645397
2017-12-15 23:56:00,17799,17821,17822,17794,19.75916239
2017-12-15 23:57:00,17822,17795,17822,17795,6.25432499
2017-12-15 23:58:00,17806,17825,17835,17802,23.04259325
2017-12-15 23:59:00,17824.57245471,17835,17835,17824,14.05540764
